INFO:aiogram.dispatcher:Start polling
INFO:aiogram.dispatcher:Run polling for bot @UnitedPortfolios_bot id=8763783873 - 'UPort Assistant'
=== 🚀 [UPort Система] Глобальный запуск семейной экосистемы ===
🧠 [Оркестратор]: Анализ конфигурации пользователей из таблицы users...
🤖 [Оркестратор]: Ленивая загрузка компонентов Telegram-бота...
➕ [Оркестратор]: Регистрация реле времени фоновых задач cron_scheduler...
➕ [Оркестратор]: Регистрирую сокет Freedom Broker [DLM] -> ТОРГОВЫЙ (7A17092)
➕ [Оркестратор]: Регистрирую сокет Freedom Broker [DLM] -> НАКОПИТЕЛЬНЫЙ (D7A17092)
➕ [Оркестратор]: Регистрирую сокет Freedom Broker [EAM] -> ТОРГОВЫЙ (7D3382)
➕ [Оркестратор]: Регистрирую сокет Freedom Broker [EAM] -> НАКОПИТЕЛЬНЫЙ (D7D3382)
➕ [Оркестратор]: Регистрирую службу Telegram-бота...
🧠 [Реле Времени]: Запуск генератора импульсов периодических задач...
🧠 [WS DLM ТОРГОВЫЙ]: Инициализация ядра для счета 7A17092...
🔌 [WS DLM ТОРГОВЫЙ]: Подключение к wss://wss.tradernet.kz...
✅ [WS DLM ТОРГОВЫЙ]: Соединение успешно установлено!
🧠 [WS DLM НАКОПИТЕЛЬНЫЙ (D)]: Инициализация ядра для счета D7A17092...
🔌 [WS DLM НАКОПИТЕЛЬНЫЙ (D)]: Подключение к wss://wss.tradernet.kz...
✅ [WS DLM НАКОПИТЕЛЬНЫЙ (D)]: Соединение успешно установлено!
🧠 [WS EAM ТОРГОВЫЙ]: Инициализация ядра для счета 7D3382...
🔌 [WS EAM ТОРГОВЫЙ]: Подключение к wss://wss.tradernet.kz...
✅ [WS EAM ТОРГОВЫЙ]: Соединение успешно установлено!
ℹ️ [WS EAM]: Ключи для контура НАКОПИТЕЛЬНЫЙ (D) отсутствуют в .env. Слушатель пропущен.
⏱️ [Реле Времени]: Контур цен акций успешно взведен.

⚡ [16:01:13] Прямой запуск обновления котировок акций...
⏱️ [Реле Времени]: Контур курсов валют успешно взведен.

⚡ [16:01:13] Прямой запуск обновления курсов валют...
📡 [Yahoo Forex]: Сбор уникальных валют из СУБД...
=== ✅ [Оркестратор]: Все компоненты увязаны в единый Event Loop. Старт потоков... ===

📊 [Yahoo Forex]: Запуск обновления для пар к USD: ['GBP']
   • Обновляю курс GBP -> USD... 🔵 [WS DLM ТОРГОВЫЙ]: Триггер ордера! Вызов sync_manager...
💼 [Cron]: Обновляю 25 бумаг у брокера Freedom Broker (ID: 1)
📡 [REST FB]: Запрос котировок getStockQuotesJson для: ['AMD.US', 'BA.US', 'CCJ.US', 'AAPL.US', 'MSFT.US', 'IGV.US', 'CEG.US', 'GOOGL.US', 'LLY.US', 'MELI.US', 'COPX.US', 'BRK.B.US', 'ASML.US', 'META.US', 'GLDM.US', 'PG.US', 'UBER.US', 'USAR.US', 'TSM.US', 'APH.US', 'NOW.US', 'WEAT.US', 'VRTX.US', 'AMZN.US', 'SOFI.US']
🟢 [WS DLM ТОРГОВЫЙ]: Изменение портфеля! Вызов sync_manager...
🟢 [WS DLM НАКОПИТЕЛЬНЫЙ (D)]: Изменение портфеля! Вызов sync_manager...
🔵 [WS DLM НАКОПИТЕЛЬНЫЙ (D)]: Триггер ордера! Вызов sync_manager...
🔵 [WS EAM ТОРГОВЫЙ]: Триггер ордера! Вызов sync_manager...
🟢 [WS EAM ТОРГОВЫЙ]: Изменение портфеля! Вызов sync_manager...
✅ 1.3417
🏁 [Yahoo Forex]: Синхронизация валютных курсов завершена.
   • AAPL.US успешно актуализирован: 295.78
   • AMD.US успешно актуализирован: 419.78
   • AMZN.US успешно актуализирован: 265.38
   • APH.US успешно актуализирован: 121.49
🚀 [WS DLM НАКОПИТЕЛЬНЫЙ (D)]: База данных актуализирована по портфелю.
   • ASML.US успешно актуализирован: 1469.76
   • BA.US успешно актуализирован: 217.94
   • BRK.B.US успешно актуализирован: 483.54
   • CCJ.US успешно актуализирован: 104.55
   • CEG.US успешно актуализирован: 260.80
   • COPX.US успешно актуализирован: 81.80
   • GLDM.US успешно актуализирован: 89.86
🚀 [WS DLM НАКОПИТЕЛЬНЫЙ (D)]: База данных актуализирована по ордерам.
   • GOOGL.US успешно актуализирован: 401.04
   • IGV.US успешно актуализирован: 91.87
   • LLY.US успешно актуализирован: 981.55
   • MELI.US успешно актуализирован: 1557.88
   • META.US успешно актуализирован: 606.84
   • MSFT.US успешно актуализирован: 418.24
   • NOW.US успешно актуализирован: 101.12
   • PG.US успешно актуализирован: 142.34
   • SOFI.US успешно актуализирован: 15.57
   • TSM.US успешно актуализирован: 394.86
   • UBER.US успешно актуализирован: 74.64
   • USAR.US успешно актуализирован: 21.22
   • VRTX.US успешно актуализирован: 433.67
   • WEAT.US успешно актуализирован: 25.03
🚀 [WS DLM ТОРГОВЫЙ]: База данных актуализирована по портфелю.
🚀 [WS DLM ТОРГОВЫЙ]: База данных актуализирована по ордерам.
🚀 [WS EAM ТОРГОВЫЙ]: База данных актуализирована по ордерам.
🚀 [WS EAM ТОРГОВЫЙ]: База данных актуализирована по портфелю.
🤖 [Бот]: Принудительный запрос обновления цен по кнопке пользователя.

⚡ [16:03:47] Прямой запуск обновления котировок акций...
💼 [Cron]: Обновляю 25 бумаг у брокера Freedom Broker (ID: 1)
📡 [REST FB]: Запрос котировок getStockQuotesJson для: ['AMZN.US', 'APH.US', 'ASML.US', 'BA.US', 'BRK.B.US', 'CCJ.US', 'CEG.US', 'COPX.US', 'GLDM.US', 'GOOGL.US', 'IGV.US', 'LLY.US', 'MELI.US', 'META.US', 'MSFT.US', 'NOW.US', 'PG.US', 'SOFI.US', 'TSM.US', 'UBER.US', 'USAR.US', 'VRTX.US', 'WEAT.US', 'AAPL.US', 'AMD.US']
   • AAPL.US успешно актуализирован: 295.78
   • AMD.US успешно актуализирован: 419.28
   • AMZN.US успешно актуализирован: 265.48
   • APH.US успешно актуализирован: 121.68
   • ASML.US успешно актуализирован: 1470.57
   • BA.US успешно актуализирован: 217.96
   • BRK.B.US успешно актуализирован: 483.67
   • CCJ.US успешно актуализирован: 104.50
   • CEG.US успешно актуализирован: 261.00
   • COPX.US успешно актуализирован: 81.81
   • GLDM.US успешно актуализирован: 89.84
   • GOOGL.US успешно актуализирован: 400.86
   • IGV.US успешно актуализирован: 91.97
   • LLY.US успешно актуализирован: 980.67
   • MELI.US успешно актуализирован: 1557.54
   • META.US успешно актуализирован: 606.97
   • MSFT.US успешно актуализирован: 418.92
   • NOW.US успешно актуализирован: 101.41
   • PG.US успешно актуализирован: 142.27INFO:aiogram.event:Update id=211143050 is handled. Duration 2937 ms by bot id=8763783873

   • SOFI.US успешно актуализирован: 15.58
   • TSM.US успешно актуализирован: 394.90
   • UBER.US успешно актуализирован: 74.75
   • USAR.US успешно актуализирован: 21.24
   • VRTX.US успешно актуализирован: 433.57
   • WEAT.US успешно актуализирован: 24.98

⚡ [16:03:49] Прямой запуск обновления курсов валют...
📡 [Yahoo Forex]: Сбор уникальных валют из СУБД...
📊 [Yahoo Forex]: Запуск обновления для пар к USD: ['GBP']
   • Обновляю курс GBP -> USD... ✅ 1.3419
🏁 [Yahoo Forex]: Синхронизация валютных курсов завершена.

⚡ [16:16:20] Прямой запуск обновления котировок акций...
💼 [Cron]: Обновляю 25 бумаг у брокера Freedom Broker (ID: 1)
📡 [REST FB]: Запрос котировок getStockQuotesJson для: ['WEAT.US', 'AAPL.US', 'AMD.US', 'AMZN.US', 'APH.US', 'ASML.US', 'BA.US', 'BRK.B.US', 'CCJ.US', 'CEG.US', 'COPX.US', 'GLDM.US', 'GOOGL.US', 'IGV.US', 'LLY.US', 'MELI.US', 'META.US', 'MSFT.US', 'NOW.US', 'PG.US', 'SOFI.US', 'TSM.US', 'UBER.US', 'USAR.US', 'VRTX.US']
   • AAPL.US успешно актуализирован: 296.38
   • AMD.US успешно актуализирован: 420.38
   • AMZN.US успешно актуализирован: 265.81
   • APH.US успешно актуализирован: 121.66
   • ASML.US успешно актуализирован: 1472.85
   • BA.US успешно актуализирован: 217.71
   • BRK.B.US успешно актуализирован: 483.74
   • CCJ.US успешно актуализирован: 104.64
   • CEG.US успешно актуализирован: 261.08
   • COPX.US успешно актуализирован: 82.16
   • GLDM.US успешно актуализирован: 90.00
   • GOOGL.US успешно актуализирован: 401.60
   • IGV.US успешно актуализирован: 92.31
   • LLY.US успешно актуализирован: 985.27
   • MELI.US успешно актуализирован: 1562.59
   • META.US успешно актуализирован: 609.88
   • MSFT.US успешно актуализирован: 419.60
   • NOW.US успешно актуализирован: 102.20
   • PG.US успешно актуализирован: 142.05
   • SOFI.US успешно актуализирован: 15.55
   • TSM.US успешно актуализирован: 395.53
   • UBER.US успешно актуализирован: 75.01
   • USAR.US успешно актуализирован: 21.31
   • VRTX.US успешно актуализирован: 435.20
   • WEAT.US успешно актуализирован: 25.05

⚡ [16:31:22] Прямой запуск обновления котировок акций...
💼 [Cron]: Обновляю 25 бумаг у брокера Freedom Broker (ID: 1)
📡 [REST FB]: Запрос котировок getStockQuotesJson для: ['AAPL.US', 'AMD.US', 'AMZN.US', 'APH.US', 'ASML.US', 'BA.US', 'BRK.B.US', 'CCJ.US', 'CEG.US', 'COPX.US', 'GLDM.US', 'GOOGL.US', 'IGV.US', 'LLY.US', 'MELI.US', 'META.US', 'MSFT.US', 'NOW.US', 'PG.US', 'SOFI.US', 'TSM.US', 'UBER.US', 'USAR.US', 'VRTX.US', 'WEAT.US']
   • AAPL.US успешно актуализирован: 295.17
   • AMD.US успешно актуализирован: 412.80
   • AMZN.US успешно актуализирован: 264.23
   • APH.US успешно актуализирован: 121.01
   • ASML.US успешно актуализирован: 1458.59
   • BA.US успешно актуализирован: 217.09
   • BRK.B.US успешно актуализирован: 484.82
   • CCJ.US успешно актуализирован: 103.71
   • CEG.US успешно актуализирован: 260.67
   • COPX.US успешно актуализирован: 81.55
   • GLDM.US успешно актуализирован: 89.76
   • GOOGL.US успешно актуализирован: 399.87
   • IGV.US успешно актуализирован: 91.84
   • LLY.US успешно актуализирован: 988.08
   • MELI.US успешно актуализирован: 1557.66
   • META.US успешно актуализирован: 607.59
   • MSFT.US успешно актуализирован: 418.19
   • NOW.US успешно актуализирован: 101.81
   • PG.US успешно актуализирован: 142.25
   • SOFI.US успешно актуализирован: 15.44
   • TSM.US успешно актуализирован: 392.43
   • UBER.US успешно актуализирован: 74.95
   • USAR.US успешно актуализирован: 20.90
   • VRTX.US успешно актуализирован: 434.49
   • WEAT.US успешно актуализирован: 25.05

⚡ [16:46:24] Прямой запуск обновления котировок акций...
💼 [Cron]: Обновляю 25 бумаг у брокера Freedom Broker (ID: 1)
📡 [REST FB]: Запрос котировок getStockQuotesJson для: ['TSM.US', 'UBER.US', 'USAR.US', 'VRTX.US', 'WEAT.US', 'AAPL.US', 'AMD.US', 'AMZN.US', 'APH.US', 'ASML.US', 'BA.US', 'BRK.B.US', 'CCJ.US', 'CEG.US', 'COPX.US', 'GLDM.US', 'GOOGL.US', 'IGV.US', 'LLY.US', 'MELI.US', 'META.US', 'MSFT.US', 'NOW.US', 'PG.US', 'SOFI.US']
   • AAPL.US успешно актуализирован: 295.39
   • AMD.US успешно актуализирован: 415.50
   • AMZN.US успешно актуализирован: 264.49
   • APH.US успешно актуализирован: 121.66
   • ASML.US успешно актуализирован: 1466.64
   • BA.US успешно актуализирован: 217.13
   • BRK.B.US успешно актуализирован: 484.68
   • CCJ.US успешно актуализирован: 103.96
   • CEG.US успешно актуализирован: 260.80
   • COPX.US успешно актуализирован: 81.71
   • GLDM.US успешно актуализирован: 89.89
   • GOOGL.US успешно актуализирован: 401.00
   • IGV.US успешно актуализирован: 92.10
   • LLY.US успешно актуализирован: 987.88
   • MELI.US успешно актуализирован: 1560.16
   • META.US успешно актуализирован: 607.90
   • MSFT.US успешно актуализирован: 419.23
   • NOW.US успешно актуализирован: 101.96
   • PG.US успешно актуализирован: 142.09
   • SOFI.US успешно актуализирован: 15.47
   • TSM.US успешно актуализирован: 394.00
   • UBER.US успешно актуализирован: 74.70
   • USAR.US успешно актуализирован: 20.96
   • VRTX.US успешно актуализирован: 434.67
   • WEAT.US успешно актуализирован: 25.05

⚡ [17:01:26] Прямой запуск обновления котировок акций...
💼 [Cron]: Обновляю 25 бумаг у брокера Freedom Broker (ID: 1)
📡 [REST FB]: Запрос котировок getStockQuotesJson для: ['AAPL.US', 'AMD.US', 'AMZN.US', 'APH.US', 'ASML.US', 'BA.US', 'BRK.B.US', 'CCJ.US', 'CEG.US', 'COPX.US', 'GLDM.US', 'GOOGL.US', 'IGV.US', 'LLY.US', 'MELI.US', 'META.US', 'MSFT.US', 'NOW.US', 'PG.US', 'SOFI.US', 'TSM.US', 'UBER.US', 'USAR.US', 'VRTX.US', 'WEAT.US']
   • AAPL.US успешно актуализирован: 295.51
   • AMD.US успешно актуализирован: 417.55
   • AMZN.US успешно актуализирован: 264.25
   • APH.US успешно актуализирован: 121.68
   • ASML.US успешно актуализирован: 1468.84ERROR:aiogram.dispatcher:Failed to fetch updates - TelegramConflictError: Telegram server says - Conflict: terminated by other getUpdates request; make sure that only one bot instance is running
WARNING:aiogram.dispatcher:Sleep for 1.000000 seconds and try again... (tryings = 0, bot id = 8763783873)
ERROR:aiogram.dispatcher:Failed to fetch updates - TelegramConflictError: Telegram server says - Conflict: terminated by other getUpdates request; make sure that only one bot instance is running
WARNING:aiogram.dispatcher:Sleep for 1.133324 seconds and try again... (tryings = 1, bot id = 8763783873)
ERROR:aiogram.dispatcher:Failed to fetch updates - TelegramConflictError: Telegram server says - Conflict: terminated by other getUpdates request; make sure that only one bot instance is running
WARNING:aiogram.dispatcher:Sleep for 1.603260 seconds and try again... (tryings = 2, bot id = 8763783873)
ERROR:aiogram.dispatcher:Failed to fetch updates - TelegramConflictError: Telegram server says - Conflict: terminated by other getUpdates request; make sure that only one bot instance is running
WARNING:aiogram.dispatcher:Sleep for 1.934500 seconds and try again... (tryings = 3, bot id = 8763783873)
ERROR:aiogram.dispatcher:Failed to fetch updates - TelegramConflictError: Telegram server says - Conflict: terminated by other getUpdates request; make sure that only one bot instance is running
WARNING:aiogram.dispatcher:Sleep for 2.459493 seconds and try again... (tryings = 4, bot id = 8763783873)
ERROR:aiogram.dispatcher:Failed to fetch updates - TelegramConflictError: Telegram server says - Conflict: terminated by other getUpdates request; make sure that only one bot instance is running
WARNING:aiogram.dispatcher:Sleep for 3.080510 seconds and try again... (tryings = 5, bot id = 8763783873)
ERROR:aiogram.dispatcher:Failed to fetch updates - TelegramConflictError: Telegram server says - Conflict: terminated by other getUpdates request; make sure that only one bot instance is running
WARNING:aiogram.dispatcher:Sleep for 4.072686 seconds and try again... (tryings = 6, bot id = 8763783873)
ERROR:aiogram.dispatcher:Failed to fetch updates - TelegramConflictError: Telegram server says - Conflict: terminated by other getUpdates request; make sure that only one bot instance is running
WARNING:aiogram.dispatcher:Sleep for 5.038886 seconds and try again... (tryings = 7, bot id = 8763783873)
ERROR:aiogram.dispatcher:Failed to fetch updates - TelegramConflictError: Telegram server says - Conflict: terminated by other getUpdates request; make sure that only one bot instance is running
WARNING:aiogram.dispatcher:Sleep for 5.107366 seconds and try again... (tryings = 8, bot id = 8763783873)
ERROR:aiogram.dispatcher:Failed to fetch updates - TelegramConflictError: Telegram server says - Conflict: terminated by other getUpdates request; make sure that only one bot instance is running
WARNING:aiogram.dispatcher:Sleep for 5.070736 seconds and try again... (tryings = 9, bot id = 8763783873)
ERROR:aiogram.dispatcher:Failed to fetch updates - TelegramConflictError: Telegram server says - Conflict: terminated by other getUpdates request; make sure that only one bot instance is running
WARNING:aiogram.dispatcher:Sleep for 4.969497 seconds and try again... (tryings = 10, bot id = 8763783873)
ERROR:aiogram.dispatcher:Failed to fetch updates - TelegramConflictError: Telegram server says - Conflict: terminated by other getUpdates request; make sure that only one bot instance is running
WARNING:aiogram.dispatcher:Sleep for 5.144847 seconds and try again... (tryings = 11, bot id = 8763783873)
ERROR:aiogram.dispatcher:Failed to fetch updates - TelegramConflictError: Telegram server says - Conflict: terminated by other getUpdates request; make sure that only one bot instance is running
WARNING:aiogram.dispatcher:Sleep for 4.982604 seconds and try again... (tryings = 12, bot id = 8763783873)
ERROR:aiogram.dispatcher:Failed to fetch updates - TelegramConflictError: Telegram server says - Conflict: terminated by other getUpdates request; make sure that only one bot instance is running
WARNING:aiogram.dispatcher:Sleep for 5.156399 seconds and try again... (tryings = 13, bot id = 8763783873)
ERROR:aiogram.dispatcher:Failed to fetch updates - TelegramConflictError: Telegram server says - Conflict: terminated by other getUpdates request; make sure that only one bot instance is running
WARNING:aiogram.dispatcher:Sleep for 5.065150 seconds and try again... (tryings = 14, bot id = 8763783873)
ERROR:aiogram.dispatcher:Failed to fetch updates - TelegramConflictError: Telegram server says - Conflict: terminated by other getUpdates request; make sure that only one bot instance is running
WARNING:aiogram.dispatcher:Sleep for 5.031450 seconds and try again... (tryings = 15, bot id = 8763783873)
ERROR:aiogram.dispatcher:Failed to fetch updates - TelegramConflictError: Telegram server says - Conflict: terminated by other getUpdates request; make sure that only one bot instance is running
WARNING:aiogram.dispatcher:Sleep for 5.020405 seconds and try again... (tryings = 16, bot id = 8763783873)
ERROR:aiogram.dispatcher:Failed to fetch updates - TelegramConflictError: Telegram server says - Conflict: terminated by other getUpdates request; make sure that only one bot instance is running
WARNING:aiogram.dispatcher:Sleep for 5.020196 seconds and try again... (tryings = 17, bot id = 8763783873)
ERROR:aiogram.dispatcher:Failed to fetch updates - TelegramConflictError: Telegram server says - Conflict: terminated by other getUpdates request; make sure that only one bot instance is running
WARNING:aiogram.dispatcher:Sleep for 5.002201 seconds and try again... (tryings = 18, bot id = 8763783873)
ERROR:aiogram.dispatcher:Failed to fetch updates - TelegramConflictError: Telegram server says - Conflict: terminated by other getUpdates request; make sure that only one bot instance is running
WARNING:aiogram.dispatcher:Sleep for 5.119090 seconds and try again... (tryings = 19, bot id = 8763783873)
INFO:aiogram.dispatcher:Connection established (tryings = 20, bot id = 8763783873)
ERROR:aiogram.dispatcher:Failed to fetch updates - TelegramConflictError: Telegram server says - Conflict: terminated by other getUpdates request; make sure that only one bot instance is running
WARNING:aiogram.dispatcher:Sleep for 1.000000 seconds and try again... (tryings = 0, bot id = 8763783873)
ERROR:aiogram.dispatcher:Failed to fetch updates - TelegramConflictError: Telegram server says - Conflict: terminated by other getUpdates request; make sure that only one bot instance is running
WARNING:aiogram.dispatcher:Sleep for 1.176664 seconds and try again... (tryings = 1, bot id = 8763783873)
ERROR:aiogram.dispatcher:Failed to fetch updates - TelegramConflictError: Telegram server says - Conflict: terminated by other getUpdates request; make sure that only one bot instance is running
WARNING:aiogram.dispatcher:Sleep for 1.561104 seconds and try again... (tryings = 2, bot id = 8763783873)
ERROR:aiogram.dispatcher:Failed to fetch updates - TelegramConflictError: Telegram server says - Conflict: terminated by other getUpdates request; make sure that only one bot instance is running
WARNING:aiogram.dispatcher:Sleep for 2.172376 seconds and try again... (tryings = 3, bot id = 8763783873)
ERROR:aiogram.dispatcher:Failed to fetch updates - TelegramConflictError: Telegram server says - Conflict: terminated by other getUpdates request; make sure that only one bot instance is running
WARNING:aiogram.dispatcher:Sleep for 2.863727 seconds and try again... (tryings = 4, bot id = 8763783873)
ERROR:aiogram.dispatcher:Failed to fetch updates - TelegramConflictError: Telegram server says - Conflict: terminated by other getUpdates request; make sure that only one bot instance is running
WARNING:aiogram.dispatcher:Sleep for 3.921983 seconds and try again... (tryings = 5, bot id = 8763783873)
ERROR:aiogram.dispatcher:Failed to fetch updates - TelegramConflictError: Telegram server says - Conflict: terminated by other getUpdates request; make sure that only one bot instance is running
WARNING:aiogram.dispatcher:Sleep for 4.892324 seconds and try again... (tryings = 6, bot id = 8763783873)
ERROR:aiogram.dispatcher:Failed to fetch updates - TelegramConflictError: Telegram server says - Conflict: terminated by other getUpdates request; make sure that only one bot instance is running
WARNING:aiogram.dispatcher:Sleep for 4.981982 seconds and try again... (tryings = 7, bot id = 8763783873)
ERROR:aiogram.dispatcher:Failed to fetch updates - TelegramConflictError: Telegram server says - Conflict: terminated by other getUpdates request; make sure that only one bot instance is running
WARNING:aiogram.dispatcher:Sleep for 4.926019 seconds and try again... (tryings = 8, bot id = 8763783873)
ERROR:aiogram.dispatcher:Failed to fetch updates - TelegramConflictError: Telegram server says - Conflict: terminated by other getUpdates request; make sure that only one bot instance is running
WARNING:aiogram.dispatcher:Sleep for 5.114672 seconds and try again... (tryings = 9, bot id = 8763783873)
ERROR:aiogram.dispatcher:Failed to fetch updates - TelegramConflictError: Telegram server says - Conflict: terminated by other getUpdates request; make sure that only one bot instance is running
WARNING:aiogram.dispatcher:Sleep for 5.009638 seconds and try again... (tryings = 10, bot id = 8763783873)
ERROR:aiogram.dispatcher:Failed to fetch updates - TelegramConflictError: Telegram server says - Conflict: terminated by other getUpdates request; make sure that only one bot instance is running
WARNING:aiogram.dispatcher:Sleep for 4.935375 seconds and try again... (tryings = 11, bot id = 8763783873)
ERROR:aiogram.dispatcher:Failed to fetch updates - TelegramConflictError: Telegram server says - Conflict: terminated by other getUpdates request; make sure that only one bot instance is running
WARNING:aiogram.dispatcher:Sleep for 5.083003 seconds and try again... (tryings = 12, bot id = 8763783873)
ERROR:aiogram.dispatcher:Failed to fetch updates - TelegramConflictError: Telegram server says - Conflict: terminated by other getUpdates request; make sure that only one bot instance is running
WARNING:aiogram.dispatcher:Sleep for 5.063982 seconds and try again... (tryings = 13, bot id = 8763783873)
ERROR:aiogram.dispatcher:Failed to fetch updates - TelegramConflictError: Telegram server says - Conflict: terminated by other getUpdates request; make sure that only one bot instance is running
WARNING:aiogram.dispatcher:Sleep for 5.083687 seconds and try again... (tryings = 14, bot id = 8763783873)
ERROR:aiogram.dispatcher:Failed to fetch updates - TelegramConflictError: Telegram server says - Conflict: terminated by other getUpdates request; make sure that only one bot instance is running
WARNING:aiogram.dispatcher:Sleep for 5.064749 seconds and try again... (tryings = 15, bot id = 8763783873)
ERROR:aiogram.dispatcher:Failed to fetch updates - TelegramConflictError: Telegram server says - Conflict: terminated by other getUpdates request; make sure that only one bot instance is running
WARNING:aiogram.dispatcher:Sleep for 4.944748 seconds and try again... (tryings = 16, bot id = 8763783873)
ERROR:aiogram.dispatcher:Failed to fetch updates - TelegramConflictError: Telegram server says - Conflict: terminated by other getUpdates request; make sure that only one bot instance is running
WARNING:aiogram.dispatcher:Sleep for 5.049513 seconds and try again... (tryings = 17, bot id = 8763783873)
ERROR:aiogram.dispatcher:Failed to fetch updates - TelegramConflictError: Telegram server says - Conflict: terminated by other getUpdates request; make sure that only one bot instance is running
WARNING:aiogram.dispatcher:Sleep for 5.082436 seconds and try again... (tryings = 18, bot id = 8763783873)
ERROR:aiogram.dispatcher:Failed to fetch updates - TelegramConflictError: Telegram server says - Conflict: terminated by other getUpdates request; make sure that only one bot instance is running
WARNING:aiogram.dispatcher:Sleep for 5.032050 seconds and try again... (tryings = 19, bot id = 8763783873)
ERROR:aiogram.dispatcher:Failed to fetch updates - TelegramConflictError: Telegram server says - Conflict: terminated by other getUpdates request; make sure that only one bot instance is running
WARNING:aiogram.dispatcher:Sleep for 5.009106 seconds and try again... (tryings = 20, bot id = 8763783873)
ERROR:aiogram.dispatcher:Failed to fetch updates - TelegramConflictError: Telegram server says - Conflict: terminated by other getUpdates request; make sure that only one bot instance is running
WARNING:aiogram.dispatcher:Sleep for 4.825971 seconds and try again... (tryings = 21, bot id = 8763783873)
ERROR:aiogram.dispatcher:Failed to fetch updates - TelegramConflictError: Telegram server says - Conflict: terminated by other getUpdates request; make sure that only one bot instance is running
WARNING:aiogram.dispatcher:Sleep for 5.102622 seconds and try again... (tryings = 22, bot id = 8763783873)
ERROR:aiogram.dispatcher:Failed to fetch updates - TelegramConflictError: Telegram server says - Conflict: terminated by other getUpdates request; make sure that only one bot instance is running
WARNING:aiogram.dispatcher:Sleep for 5.143032 seconds and try again... (tryings = 23, bot id = 8763783873)
ERROR:aiogram.dispatcher:Failed to fetch updates - TelegramConflictError: Telegram server says - Conflict: terminated by other getUpdates request; make sure that only one bot instance is running
WARNING:aiogram.dispatcher:Sleep for 4.994093 seconds and try again... (tryings = 24, bot id = 8763783873)
ERROR:aiogram.dispatcher:Failed to fetch updates - TelegramConflictError: Telegram server says - Conflict: terminated by other getUpdates request; make sure that only one bot instance is running
WARNING:aiogram.dispatcher:Sleep for 4.912211 seconds and try again... (tryings = 25, bot id = 8763783873)
ERROR:aiogram.dispatcher:Failed to fetch updates - TelegramConflictError: Telegram server says - Conflict: terminated by other getUpdates request; make sure that only one bot instance is running
WARNING:aiogram.dispatcher:Sleep for 4.956944 seconds and try again... (tryings = 26, bot id = 8763783873)
ERROR:aiogram.dispatcher:Failed to fetch updates - TelegramConflictError: Telegram server says - Conflict: terminated by other getUpdates request; make sure that only one bot instance is running
WARNING:aiogram.dispatcher:Sleep for 5.020887 seconds and try again... (tryings = 27, bot id = 8763783873)
ERROR:aiogram.dispatcher:Failed to fetch updates - TelegramConflictError: Telegram server says - Conflict: terminated by other getUpdates request; make sure that only one bot instance is running
WARNING:aiogram.dispatcher:Sleep for 4.957665 seconds and try again... (tryings = 28, bot id = 8763783873)
ERROR:aiogram.dispatcher:Failed to fetch updates - TelegramConflictError: Telegram server says - Conflict: terminated by other getUpdates request; make sure that only one bot instance is running
WARNING:aiogram.dispatcher:Sleep for 4.930568 seconds and try again... (tryings = 29, bot id = 8763783873)
ERROR:aiogram.dispatcher:Failed to fetch updates - TelegramConflictError: Telegram server says - Conflict: terminated by other getUpdates request; make sure that only one bot instance is running
WARNING:aiogram.dispatcher:Sleep for 4.868978 seconds and try again... (tryings = 30, bot id = 8763783873)
ERROR:aiogram.dispatcher:Failed to fetch updates - TelegramConflictError: Telegram server says - Conflict: terminated by other getUpdates request; make sure that only one bot instance is running
WARNING:aiogram.dispatcher:Sleep for 5.015538 seconds and try again... (tryings = 31, bot id = 8763783873)
ERROR:aiogram.dispatcher:Failed to fetch updates - TelegramConflictError: Telegram server says - Conflict: terminated by other getUpdates request; make sure that only one bot instance is running
WARNING:aiogram.dispatcher:Sleep for 4.988035 seconds and try again... (tryings = 32, bot id = 8763783873)
ERROR:aiogram.dispatcher:Failed to fetch updates - TelegramConflictError: Telegram server says - Conflict: terminated by other getUpdates request; make sure that only one bot instance is running
WARNING:aiogram.dispatcher:Sleep for 4.997654 seconds and try again... (tryings = 33, bot id = 8763783873)
ERROR:aiogram.dispatcher:Failed to fetch updates - TelegramConflictError: Telegram server says - Conflict: terminated by other getUpdates request; make sure that only one bot instance is running
WARNING:aiogram.dispatcher:Sleep for 4.944575 seconds and try again... (tryings = 34, bot id = 8763783873)
ERROR:aiogram.dispatcher:Failed to fetch updates - TelegramConflictError: Telegram server says - Conflict: terminated by other getUpdates request; make sure that only one bot instance is running
WARNING:aiogram.dispatcher:Sleep for 5.075799 seconds and try again... (tryings = 35, bot id = 8763783873)
ERROR:aiogram.dispatcher:Failed to fetch updates - TelegramConflictError: Telegram server says - Conflict: terminated by other getUpdates request; make sure that only one bot instance is running
WARNING:aiogram.dispatcher:Sleep for 4.919761 seconds and try again... (tryings = 36, bot id = 8763783873)
ERROR:aiogram.dispatcher:Failed to fetch updates - TelegramConflictError: Telegram server says - Conflict: terminated by other getUpdates request; make sure that only one bot instance is running
WARNING:aiogram.dispatcher:Sleep for 5.149500 seconds and try again... (tryings = 37, bot id = 8763783873)
ERROR:aiogram.dispatcher:Failed to fetch updates - TelegramConflictError: Telegram server says - Conflict: terminated by other getUpdates request; make sure that only one bot instance is running
WARNING:aiogram.dispatcher:Sleep for 4.888779 seconds and try again... (tryings = 38, bot id = 8763783873)
INFO:aiogram.dispatcher:Connection established (tryings = 39, bot id = 8763783873)
ERROR:aiogram.dispatcher:Failed to fetch updates - TelegramConflictError: Telegram server says - Conflict: terminated by other getUpdates request; make sure that only one bot instance is running
WARNING:aiogram.dispatcher:Sleep for 1.000000 seconds and try again... (tryings = 0, bot id = 8763783873)
ERROR:aiogram.dispatcher:Failed to fetch updates - TelegramConflictError: Telegram server says - Conflict: terminated by other getUpdates request; make sure that only one bot instance is running
WARNING:aiogram.dispatcher:Sleep for 1.361667 seconds and try again... (tryings = 1, bot id = 8763783873)
ERROR:aiogram.dispatcher:Failed to fetch updates - TelegramConflictError: Telegram server says - Conflict: terminated by other getUpdates request; make sure that only one bot instance is running
WARNING:aiogram.dispatcher:Sleep for 1.870929 seconds and try again... (tryings = 2, bot id = 8763783873)
ERROR:aiogram.dispatcher:Failed to fetch updates - TelegramConflictError: Telegram server says - Conflict: terminated by other getUpdates request; make sure that only one bot instance is running
WARNING:aiogram.dispatcher:Sleep for 2.543151 seconds and try again... (tryings = 3, bot id = 8763783873)
ERROR:aiogram.dispatcher:Failed to fetch updates - TelegramConflictError: Telegram server says - Conflict: terminated by other getUpdates request; make sure that only one bot instance is running
WARNING:aiogram.dispatcher:Sleep for 3.272766 seconds and try again... (tryings = 4, bot id = 8763783873)
ERROR:aiogram.dispatcher:Failed to fetch updates - TelegramConflictError: Telegram server says - Conflict: terminated by other getUpdates request; make sure that only one bot instance is running
WARNING:aiogram.dispatcher:Sleep for 4.177878 seconds and try again... (tryings = 5, bot id = 8763783873)
ERROR:aiogram.dispatcher:Failed to fetch updates - TelegramConflictError: Telegram server says - Conflict: terminated by other getUpdates request; make sure that only one bot instance is running
WARNING:aiogram.dispatcher:Sleep for 5.128992 seconds and try again... (tryings = 6, bot id = 8763783873)
ERROR:aiogram.dispatcher:Failed to fetch updates - TelegramConflictError: Telegram server says - Conflict: terminated by other getUpdates request; make sure that only one bot instance is running
WARNING:aiogram.dispatcher:Sleep for 5.043414 seconds and try again... (tryings = 7, bot id = 8763783873)
ERROR:aiogram.dispatcher:Failed to fetch updates - TelegramConflictError: Telegram server says - Conflict: terminated by other getUpdates request; make sure that only one bot instance is running
WARNING:aiogram.dispatcher:Sleep for 4.946884 seconds and try again... (tryings = 8, bot id = 8763783873)
ERROR:aiogram.dispatcher:Failed to fetch updates - TelegramConflictError: Telegram server says - Conflict: terminated by other getUpdates request; make sure that only one bot instance is running
WARNING:aiogram.dispatcher:Sleep for 5.002040 seconds and try again... (tryings = 9, bot id = 8763783873)
ERROR:aiogram.dispatcher:Failed to fetch updates - TelegramConflictError: Telegram server says - Conflict: terminated by other getUpdates request; make sure that only one bot instance is running
WARNING:aiogram.dispatcher:Sleep for 4.980968 seconds and try again... (tryings = 10, bot id = 8763783873)
ERROR:aiogram.dispatcher:Failed to fetch updates - TelegramConflictError: Telegram server says - Conflict: terminated by other getUpdates request; make sure that only one bot instance is running
WARNING:aiogram.dispatcher:Sleep for 4.999974 seconds and try again... (tryings = 11, bot id = 8763783873)
ERROR:aiogram.dispatcher:Failed to fetch updates - TelegramConflictError: Telegram server says - Conflict: terminated by other getUpdates request; make sure that only one bot instance is running
WARNING:aiogram.dispatcher:Sleep for 4.856327 seconds and try again... (tryings = 12, bot id = 8763783873)
ERROR:aiogram.dispatcher:Failed to fetch updates - TelegramConflictError: Telegram server says - Conflict: terminated by other getUpdates request; make sure that only one bot instance is running
WARNING:aiogram.dispatcher:Sleep for 5.039968 seconds and try again... (tryings = 13, bot id = 8763783873)
ERROR:aiogram.dispatcher:Failed to fetch updates - TelegramConflictError: Telegram server says - Conflict: terminated by other getUpdates request; make sure that only one bot instance is running
WARNING:aiogram.dispatcher:Sleep for 5.060789 seconds and try again... (tryings = 14, bot id = 8763783873)
ERROR:aiogram.dispatcher:Failed to fetch updates - TelegramConflictError: Telegram server says - Conflict: terminated by other getUpdates request; make sure that only one bot instance is running
WARNING:aiogram.dispatcher:Sleep for 5.059994 seconds and try again... (tryings = 15, bot id = 8763783873)
ERROR:aiogram.dispatcher:Failed to fetch updates - TelegramConflictError: Telegram server says - Conflict: terminated by other getUpdates request; make sure that only one bot instance is running
WARNING:aiogram.dispatcher:Sleep for 4.956080 seconds and try again... (tryings = 16, bot id = 8763783873)
ERROR:aiogram.dispatcher:Failed to fetch updates - TelegramConflictError: Telegram server says - Conflict: terminated by other getUpdates request; make sure that only one bot instance is running
WARNING:aiogram.dispatcher:Sleep for 5.039453 seconds and try again... (tryings = 17, bot id = 8763783873)
ERROR:aiogram.dispatcher:Failed to fetch updates - TelegramConflictError: Telegram server says - Conflict: terminated by other getUpdates request; make sure that only one bot instance is running
WARNING:aiogram.dispatcher:Sleep for 4.761699 seconds and try again... (tryings = 18, bot id = 8763783873)
INFO:aiogram.dispatcher:Connection established (tryings = 19, bot id = 8763783873)
ERROR:aiogram.dispatcher:Failed to fetch updates - TelegramConflictError: Telegram server says - Conflict: terminated by other getUpdates request; make sure that only one bot instance is running
WARNING:aiogram.dispatcher:Sleep for 1.000000 seconds and try again... (tryings = 0, bot id = 8763783873)
ERROR:aiogram.dispatcher:Failed to fetch updates - TelegramConflictError: Telegram server says - Conflict: terminated by other getUpdates request; make sure that only one bot instance is running
WARNING:aiogram.dispatcher:Sleep for 1.150256 seconds and try again... (tryings = 1, bot id = 8763783873)
ERROR:aiogram.dispatcher:Failed to fetch updates - TelegramConflictError: Telegram server says - Conflict: terminated by other getUpdates request; make sure that only one bot instance is running
WARNING:aiogram.dispatcher:Sleep for 1.559916 seconds and try again... (tryings = 2, bot id = 8763783873)
ERROR:aiogram.dispatcher:Failed to fetch updates - TelegramConflictError: Telegram server says - Conflict: terminated by other getUpdates request; make sure that only one bot instance is running
WARNING:aiogram.dispatcher:Sleep for 1.937947 seconds and try again... (tryings = 3, bot id = 8763783873)
ERROR:aiogram.dispatcher:Failed to fetch updates - TelegramConflictError: Telegram server says - Conflict: terminated by other getUpdates request; make sure that only one bot instance is running
WARNING:aiogram.dispatcher:Sleep for 2.129726 seconds and try again... (tryings = 4, bot id = 8763783873)
ERROR:aiogram.dispatcher:Failed to fetch updates - TelegramConflictError: Telegram server says - Conflict: terminated by other getUpdates request; make sure that only one bot instance is running
WARNING:aiogram.dispatcher:Sleep for 2.892291 seconds and try again... (tryings = 5, bot id = 8763783873)
ERROR:aiogram.dispatcher:Failed to fetch updates - TelegramConflictError: Telegram server says - Conflict: terminated by other getUpdates request; make sure that only one bot instance is running
WARNING:aiogram.dispatcher:Sleep for 3.785499 seconds and try again... (tryings = 6, bot id = 8763783873)
ERROR:aiogram.dispatcher:Failed to fetch updates - TelegramConflictError: Telegram server says - Conflict: terminated by other getUpdates request; make sure that only one bot instance is running
WARNING:aiogram.dispatcher:Sleep for 4.865909 seconds and try again... (tryings = 7, bot id = 8763783873)
ERROR:aiogram.dispatcher:Failed to fetch updates - TelegramConflictError: Telegram server says - Conflict: terminated by other getUpdates request; make sure that only one bot instance is running
WARNING:aiogram.dispatcher:Sleep for 4.856328 seconds and try again... (tryings = 8, bot id = 8763783873)
ERROR:aiogram.dispatcher:Failed to fetch updates - TelegramConflictError: Telegram server says - Conflict: terminated by other getUpdates request; make sure that only one bot instance is running
WARNING:aiogram.dispatcher:Sleep for 5.028090 seconds and try again... (tryings = 9, bot id = 8763783873)
ERROR:aiogram.dispatcher:Failed to fetch updates - TelegramConflictError: Telegram server says - Conflict: terminated by other getUpdates request; make sure that only one bot instance is running
WARNING:aiogram.dispatcher:Sleep for 5.060210 seconds and try again... (tryings = 10, bot id = 8763783873)
ERROR:aiogram.dispatcher:Failed to fetch updates - TelegramConflictError: Telegram server says - Conflict: terminated by other getUpdates request; make sure that only one bot instance is running
WARNING:aiogram.dispatcher:Sleep for 4.957104 seconds and try again... (tryings = 11, bot id = 8763783873)
ERROR:aiogram.dispatcher:Failed to fetch updates - TelegramConflictError: Telegram server says - Conflict: terminated by other getUpdates request; make sure that only one bot instance is running
WARNING:aiogram.dispatcher:Sleep for 5.064567 seconds and try again... (tryings = 12, bot id = 8763783873)
ERROR:aiogram.dispatcher:Failed to fetch updates - TelegramConflictError: Telegram server says - Conflict: terminated by other getUpdates request; make sure that only one bot instance is running
WARNING:aiogram.dispatcher:Sleep for 4.987103 seconds and try again... (tryings = 13, bot id = 8763783873)
ERROR:aiogram.dispatcher:Failed to fetch updates - TelegramConflictError: Telegram server says - Conflict: terminated by other getUpdates request; make sure that only one bot instance is running
WARNING:aiogram.dispatcher:Sleep for 5.001871 seconds and try again... (tryings = 14, bot id = 8763783873)
ERROR:aiogram.dispatcher:Failed to fetch updates - TelegramConflictError: Telegram server says - Conflict: terminated by other getUpdates request; make sure that only one bot instance is running
WARNING:aiogram.dispatcher:Sleep for 5.011360 seconds and try again... (tryings = 15, bot id = 8763783873)
ERROR:aiogram.dispatcher:Failed to fetch updates - TelegramConflictError: Telegram server says - Conflict: terminated by other getUpdates request; make sure that only one bot instance is running
WARNING:aiogram.dispatcher:Sleep for 5.210704 seconds and try again... (tryings = 16, bot id = 8763783873)
ERROR:aiogram.dispatcher:Failed to fetch updates - TelegramConflictError: Telegram server says - Conflict: terminated by other getUpdates request; make sure that only one bot instance is running
WARNING:aiogram.dispatcher:Sleep for 5.002314 seconds and try again... (tryings = 17, bot id = 8763783873)
ERROR:aiogram.dispatcher:Failed to fetch updates - TelegramConflictError: Telegram server says - Conflict: terminated by other getUpdates request; make sure that only one bot instance is running
WARNING:aiogram.dispatcher:Sleep for 4.912892 seconds and try again... (tryings = 18, bot id = 8763783873)
ERROR:aiogram.dispatcher:Failed to fetch updates - TelegramConflictError: Telegram server says - Conflict: terminated by other getUpdates request; make sure that only one bot instance is running
WARNING:aiogram.dispatcher:Sleep for 5.036077 seconds and try again... (tryings = 19, bot id = 8763783873)
ERROR:aiogram.dispatcher:Failed to fetch updates - TelegramConflictError: Telegram server says - Conflict: terminated by other getUpdates request; make sure that only one bot instance is running
WARNING:aiogram.dispatcher:Sleep for 5.260661 seconds and try again... (tryings = 20, bot id = 8763783873)
ERROR:aiogram.dispatcher:Failed to fetch updates - TelegramConflictError: Telegram server says - Conflict: terminated by other getUpdates request; make sure that only one bot instance is running
WARNING:aiogram.dispatcher:Sleep for 5.073919 seconds and try again... (tryings = 21, bot id = 8763783873)
ERROR:aiogram.dispatcher:Failed to fetch updates - TelegramConflictError: Telegram server says - Conflict: terminated by other getUpdates request; make sure that only one bot instance is running
WARNING:aiogram.dispatcher:Sleep for 4.981801 seconds and try again... (tryings = 22, bot id = 8763783873)
ERROR:aiogram.dispatcher:Failed to fetch updates - TelegramConflictError: Telegram server says - Conflict: terminated by other getUpdates request; make sure that only one bot instance is running
WARNING:aiogram.dispatcher:Sleep for 4.883419 seconds and try again... (tryings = 23, bot id = 8763783873)
ERROR:aiogram.dispatcher:Failed to fetch updates - TelegramConflictError: Telegram server says - Conflict: terminated by other getUpdates request; make sure that only one bot instance is running
WARNING:aiogram.dispatcher:Sleep for 4.881005 seconds and try again... (tryings = 24, bot id = 8763783873)
ERROR:aiogram.dispatcher:Failed to fetch updates - TelegramConflictError: Telegram server says - Conflict: terminated by other getUpdates request; make sure that only one bot instance is running
WARNING:aiogram.dispatcher:Sleep for 5.004294 seconds and try again... (tryings = 25, bot id = 8763783873)
ERROR:aiogram.dispatcher:Failed to fetch updates - TelegramConflictError: Telegram server says - Conflict: terminated by other getUpdates request; make sure that only one bot instance is running
WARNING:aiogram.dispatcher:Sleep for 5.022034 seconds and try again... (tryings = 26, bot id = 8763783873)
ERROR:aiogram.dispatcher:Failed to fetch updates - TelegramConflictError: Telegram server says - Conflict: terminated by other getUpdates request; make sure that only one bot instance is running
WARNING:aiogram.dispatcher:Sleep for 5.085110 seconds and try again... (tryings = 27, bot id = 8763783873)

   • BA.US успешно актуализирован: 217.82
   • BRK.B.US успешно актуализирован: 484.51
   • CCJ.US успешно актуализирован: 104.30
   • CEG.US успешно актуализирован: 261.23
   • COPX.US успешно актуализирован: 81.69
   • GLDM.US успешно актуализирован: 89.99
   • GOOGL.US успешно актуализирован: 401.22
   • IGV.US успешно актуализирован: 92.27
   • LLY.US успешно актуализирован: 990.00
   • MELI.US успешно актуализирован: 1560.62
   • META.US успешно актуализирован: 609.12
   • MSFT.US успешно актуализирован: 420.28
   • NOW.US успешно актуализирован: 102.44
   • PG.US успешно актуализирован: 141.75
   • SOFI.US успешно актуализирован: 15.52
   • TSM.US успешно актуализирован: 394.72
   • UBER.US успешно актуализирован: 75.05
   • USAR.US успешно актуализирован: 21.19
   • VRTX.US успешно актуализирован: 434.42
   • WEAT.US успешно актуализирован: 25.04

⚡ [17:16:29] Прямой запуск обновления котировок акций...
💼 [Cron]: Обновляю 25 бумаг у брокера Freedom Broker (ID: 1)
📡 [REST FB]: Запрос котировок getStockQuotesJson для: ['MSFT.US', 'NOW.US', 'PG.US', 'SOFI.US', 'TSM.US', 'UBER.US', 'USAR.US', 'VRTX.US', 'WEAT.US', 'AAPL.US', 'AMD.US', 'AMZN.US', 'APH.US', 'ASML.US', 'BA.US', 'BRK.B.US', 'CCJ.US', 'CEG.US', 'COPX.US', 'GLDM.US', 'GOOGL.US', 'IGV.US', 'LLY.US', 'MELI.US', 'META.US']
   • AAPL.US успешно актуализирован: 295.87
   • AMD.US успешно актуализирован: 417.89
   • AMZN.US успешно актуализирован: 265.14
   • APH.US успешно актуализирован: 121.94
   • ASML.US успешно актуализирован: 1468.66
   • BA.US успешно актуализирован: 218.73
   • BRK.B.US успешно актуализирован: 484.96
   • CCJ.US успешно актуализирован: 104.27
   • CEG.US успешно актуализирован: 261.80
   • COPX.US успешно актуализирован: 81.83
   • GLDM.US успешно актуализирован: 90.12
   • GOOGL.US успешно актуализирован: 402.09
   • IGV.US успешно актуализирован: 92.53
   • LLY.US успешно актуализирован: 991.95
   • MELI.US успешно актуализирован: 1565.51
   • META.US успешно актуализирован: 611.84
   • MSFT.US успешно актуализирован: 421.90
   • NOW.US успешно актуализирован: 103.21
   • PG.US успешно актуализирован: 142.02
   • SOFI.US успешно актуализирован: 15.64
   • TSM.US успешно актуализирован: 395.20
   • UBER.US успешно актуализирован: 75.66
   • USAR.US успешно актуализирован: 21.21
   • VRTX.US успешно актуализирован: 438.02
   • WEAT.US успешно актуализирован: 25.01

⚡ [17:31:31] Прямой запуск обновления котировок акций...
💼 [Cron]: Обновляю 25 бумаг у брокера Freedom Broker (ID: 1)
📡 [REST FB]: Запрос котировок getStockQuotesJson для: ['AAPL.US', 'AMD.US', 'AMZN.US', 'APH.US', 'ASML.US', 'BA.US', 'BRK.B.US', 'CCJ.US', 'CEG.US', 'COPX.US', 'GLDM.US', 'GOOGL.US', 'IGV.US', 'LLY.US', 'MELI.US', 'META.US', 'MSFT.US', 'NOW.US', 'PG.US', 'SOFI.US', 'TSM.US', 'UBER.US', 'USAR.US', 'VRTX.US', 'WEAT.US']
   • AAPL.US успешно актуализирован: 295.97
   • AMD.US успешно актуализирован: 418.00
   • AMZN.US успешно актуализирован: 265.21
   • APH.US успешно актуализирован: 121.83
   • ASML.US успешно актуализирован: 1466.61
   • BA.US успешно актуализирован: 218.44
   • BRK.B.US успешно актуализирован: 485.94
   • CCJ.US успешно актуализирован: 103.99
   • CEG.US успешно актуализирован: 261.53
   • COPX.US успешно актуализирован: 81.77
   • GLDM.US успешно актуализирован: 90.07
   • GOOGL.US успешно актуализирован: 401.64
   • IGV.US успешно актуализирован: 92.60
   • LLY.US успешно актуализирован: 992.45
   • MELI.US успешно актуализирован: 1568.61
   • META.US успешно актуализирован: 612.90
   • MSFT.US успешно актуализирован: 423.02
   • NOW.US успешно актуализирован: 103.88
   • PG.US успешно актуализирован: 142.17
   • SOFI.US успешно актуализирован: 15.62
   • TSM.US успешно актуализирован: 395.34
   • UBER.US успешно актуализирован: 75.63
   • USAR.US успешно актуализирован: 21.19
   • VRTX.US успешно актуализирован: 439.22
   • WEAT.US успешно актуализирован: 25.08

⚡ [17:46:33] Прямой запуск обновления котировок акций...
💼 [Cron]: Обновляю 25 бумаг у брокера Freedom Broker (ID: 1)
📡 [REST FB]: Запрос котировок getStockQuotesJson для: ['CEG.US', 'COPX.US', 'GLDM.US', 'GOOGL.US', 'IGV.US', 'LLY.US', 'MELI.US', 'META.US', 'MSFT.US', 'NOW.US', 'PG.US', 'SOFI.US', 'TSM.US', 'UBER.US', 'USAR.US', 'VRTX.US', 'WEAT.US', 'AAPL.US', 'AMD.US', 'AMZN.US', 'APH.US', 'ASML.US', 'BA.US', 'BRK.B.US', 'CCJ.US']
   • AAPL.US успешно актуализирован: 296.08
   • AMD.US успешно актуализирован: 416.12
   • AMZN.US успешно актуализирован: 264.74
   • APH.US успешно актуализирован: 121.35
   • ASML.US успешно актуализирован: 1465.09
   • BA.US успешно актуализирован: 218.18
   • BRK.B.US успешно актуализирован: 485.57
   • CCJ.US успешно актуализирован: 103.98
   • CEG.US успешно актуализирован: 260.27
   • COPX.US успешно актуализирован: 81.57
   • GLDM.US успешно актуализирован: 90.02
   • GOOGL.US успешно актуализирован: 400.95
   • IGV.US успешно актуализирован: 92.68
   • LLY.US успешно актуализирован: 990.21
   • MELI.US успешно актуализирован: 1573.26
   • META.US успешно актуализирован: 612.83
   • MSFT.US успешно актуализирован: 423.96
   • NOW.US успешно актуализирован: 104.14
   • PG.US успешно актуализирован: 141.97
   • SOFI.US успешно актуализирован: 15.61
   • TSM.US успешно актуализирован: 394.76
   • UBER.US успешно актуализирован: 75.50
   • USAR.US успешно актуализирован: 21.18
   • VRTX.US успешно актуализирован: 439.38
   • WEAT.US успешно актуализирован: 25.08

⚡ [18:01:14] Прямой запуск обновления курсов валют...
📡 [Yahoo Forex]: Сбор уникальных валют из СУБД...
📊 [Yahoo Forex]: Запуск обновления для пар к USD: ['GBP']
   • Обновляю курс GBP -> USD... ✅ 1.3423
🏁 [Yahoo Forex]: Синхронизация валютных курсов завершена.ERROR:aiogram.dispatcher:Failed to fetch updates - TelegramConflictError: Telegram server says - Conflict: terminated by other getUpdates request; make sure that only one bot instance is running
WARNING:aiogram.dispatcher:Sleep for 4.929323 seconds and try again... (tryings = 28, bot id = 8763783873)
ERROR:aiogram.dispatcher:Failed to fetch updates - TelegramConflictError: Telegram server says - Conflict: terminated by other getUpdates request; make sure that only one bot instance is running
WARNING:aiogram.dispatcher:Sleep for 4.895770 seconds and try again... (tryings = 29, bot id = 8763783873)
INFO:aiogram.dispatcher:Connection established (tryings = 30, bot id = 8763783873)
stopped for bot @UnitedPortfolios_bot id=8763783873 - 'UPort Assistant'
INFO:aiogram.dispatcher:Polling stopped
INFO:aiogram.dispatcher:Start polling
INFO:aiogram.dispatcher:Run polling for bot @UnitedPortfolios_bot id=8763783873 - 'UPort Assistant'
=== 🚀 [UPort Система] Глобальный запуск семейной экосистемы ===
🧠 [Оркестратор]: Анализ конфигурации пользователей из таблицы users...
🤖 [Оркестратор]: Ленивая загрузка компонентов Telegram-бота...
➕ [Оркестратор]: Регистрация реле времени фоновых задач cron_scheduler...
➕ [Оркестратор]: Регистрирую сокет Freedom Broker [DLM] -> ТОРГОВЫЙ (7A17092)
➕ [Оркестратор]: Регистрирую сокет Freedom Broker [DLM] -> НАКОПИТЕЛЬНЫЙ (D7A17092)
➕ [Оркестратор]: Регистрирую сокет Freedom Broker [EAM] -> ТОРГОВЫЙ (7D3382)
➕ [Оркестратор]: Регистрирую сокет Freedom Broker [EAM] -> НАКОПИТЕЛЬНЫЙ (D7D3382)
➕ [Оркестратор]: Регистрирую службу Telegram-бота...
🧠 [Реле Времени]: Запуск генератора импульсов периодических задач...
🧠 [WS DLM ТОРГОВЫЙ]: Инициализация ядра для счета 7A17092...
🔌 [WS DLM ТОРГОВЫЙ]: Подключение к wss://wss.tradernet.kz...
✅ [WS DLM ТОРГОВЫЙ]: Соединение успешно установлено!
🧠 [WS DLM НАКОПИТЕЛЬНЫЙ (D)]: Инициализация ядра для счета D7A17092...
🔌 [WS DLM НАКОПИТЕЛЬНЫЙ (D)]: Подключение к wss://wss.tradernet.kz...
✅ [WS DLM НАКОПИТЕЛЬНЫЙ (D)]: Соединение успешно установлено!
🧠 [WS EAM ТОРГОВЫЙ]: Инициализация ядра для счета 7D3382...
🔌 [WS EAM ТОРГОВЫЙ]: Подключение к wss://wss.tradernet.kz...
✅ [WS EAM ТОРГОВЫЙ]: Соединение успешно установлено!
ℹ️ [WS EAM]: Ключи для контура НАКОПИТЕЛЬНЫЙ (D) отсутствуют в .env. Слушатель пропущен.
⏱️ [Реле Времени]: Контур цен акций успешно взведен.

⚡ [18:09:54] Прямой запуск обновления котировок акций...
⏱️ [Реле Времени]: Контур курсов валют успешно взведен.

⚡ [18:09:54] Прямой запуск обновления курсов валют...
📡 [Yahoo Forex]: Сбор уникальных валют из СУБД...
📊 [Yahoo Forex]: Запуск обновления для пар к USD: ['GBP']
   • Обновляю курс GBP -> USD... 💼 [Cron]: Обновляю 25 бумаг у брокера Freedom Broker (ID: 1)
📡 [REST FB]: Запрос котировок getStockQuotesJson для: ['AAPL.US', 'AMD.US', 'AMZN.US', 'APH.US', 'ASML.US', 'BA.US', 'BRK.B.US', 'CCJ.US', 'CEG.US', 'COPX.US', 'GLDM.US', 'GOOGL.US', 'IGV.US', 'LLY.US', 'MELI.US', 'META.US', 'MSFT.US', 'NOW.US', 'PG.US', 'SOFI.US', 'TSM.US', 'UBER.US', 'USAR.US', 'VRTX.US', 'WEAT.US']
🟢 [WS DLM ТОРГОВЫЙ]: Изменение портфеля! Вызов sync_manager...
🔵 [WS DLM ТОРГОВЫЙ]: Триггер ордера! Вызов sync_manager...
🔵 [WS DLM НАКОПИТЕЛЬНЫЙ (D)]: Триггер ордера! Вызов sync_manager...
🟢 [WS DLM НАКОПИТЕЛЬНЫЙ (D)]: Изменение портфеля! Вызов sync_manager...
=== ✅ [Оркестратор]: Все компоненты увязаны в единый Event Loop. Старт потоков... ===

🔵 [WS EAM ТОРГОВЫЙ]: Триггер ордера! Вызов sync_manager...
🟢 [WS EAM ТОРГОВЫЙ]: Изменение портфеля! Вызов sync_manager...
✅ 1.3419
   • AAPL.US успешно актуализирован: 296.64
   • AMD.US успешно актуализирован: 414.46
🚀 [WS DLM НАКОПИТЕЛЬНЫЙ (D)]: База данных актуализирована по ордерам.
   • AMZN.US успешно актуализирован: 264.14
🏁 [Yahoo Forex]: Синхронизация валютных курсов завершена.
   • APH.US успешно актуализирован: 121.49
   • ASML.US успешно актуализирован: 1464.68
   • BA.US успешно актуализирован: 217.91
   • BRK.B.US успешно актуализирован: 485.40
   • CCJ.US успешно актуализирован: 104.15
   • CEG.US успешно актуализирован: 260.93
   • COPX.US успешно актуализирован: 81.36
   • GLDM.US успешно актуализирован: 89.93
   • GOOGL.US успешно актуализирован: 400.25
   • IGV.US успешно актуализирован: 92.62
   • LLY.US успешно актуализирован: 988.00
🚀 [WS DLM НАКОПИТЕЛЬНЫЙ (D)]: База данных актуализирована по портфелю.
   • MELI.US успешно актуализирован: 1572.35
   • META.US успешно актуализирован: 612.80
   • MSFT.US успешно актуализирован: 423.70
   • NOW.US успешно актуализирован: 103.88
   • PG.US успешно актуализирован: 141.84
   • SOFI.US успешно актуализирован: 15.52
   • TSM.US успешно актуализирован: 393.25
   • UBER.US успешно актуализирован: 75.20
   • USAR.US успешно актуализирован: 21.19
   • VRTX.US успешно актуализирован: 438.34
   • WEAT.US успешно актуализирован: 25.07
🚀 [WS DLM ТОРГОВЫЙ]: База данных актуализирована по портфелю.
Ошибка транзакции sync_portfolio_orders: duplicate key value violates unique constraint "orders_portfolio_id_broker_order_id_key"
DETAIL:  Key (portfolio_id, broker_order_id)=(1, 563832168) already exists.

⚠️ Предупреждение: Не удалось обновить слепок приказов: duplicate key value violates unique constraint "orders_portfolio_id_broker_order_id_key"
DETAIL:  Key (portfolio_id, broker_order_id)=(1, 563832168) already exists.

🚀 [WS DLM ТОРГОВЫЙ]: База данных актуализирована по ордерам.
🚀 [WS EAM ТОРГОВЫЙ]: База данных актуализирована по ордерам.
🚀 [WS EAM ТОРГОВЫЙ]: База данных актуализирована по портфелю.

⚡ [18:25:00] Прямой запуск обновления котировок акций...
💼 [Cron]: Обновляю 25 бумаг у брокера Freedom Broker (ID: 1)
📡 [REST FB]: Запрос котировок getStockQuotesJson для: ['UBER.US', 'USAR.US', 'VRTX.US', 'WEAT.US', 'AAPL.US', 'AMD.US', 'AMZN.US', 'APH.US', 'ASML.US', 'BA.US', 'BRK.B.US', 'CCJ.US', 'CEG.US', 'COPX.US', 'GLDM.US', 'GOOGL.US', 'IGV.US', 'LLY.US', 'MELI.US', 'META.US', 'MSFT.US', 'NOW.US', 'PG.US', 'SOFI.US', 'TSM.US']
   • AAPL.US успешно актуализирован: 295.79
   • AMD.US успешно актуализирован: 411.96
   • AMZN.US успешно актуализирован: 263.40
   • APH.US успешно актуализирован: 120.74
   • ASML.US успешно актуализирован: 1459.35
   • BA.US успешно актуализирован: 217.48
   • BRK.B.US успешно актуализирован: 485.84
   • CCJ.US успешно актуализирован: 103.94
   • CEG.US успешно актуализирован: 260.79
   • COPX.US успешно актуализирован: 80.99
   • GLDM.US успешно актуализирован: 89.85
   • GOOGL.US успешно актуализирован: 398.47
   • IGV.US успешно актуализирован: 92.42
   • LLY.US успешно актуализирован: 985.34
   • MELI.US успешно актуализирован: 1571.18
   • META.US успешно актуализирован: 610.83
   • MSFT.US успешно актуализирован: 423.84
   • NOW.US успешно актуализирован: 103.64
   • PG.US успешно актуализирован: 141.91
   • SOFI.US успешно актуализирован: 15.44
   • TSM.US успешно актуализирован: 391.82
   • UBER.US успешно актуализирован: 75.01
   • USAR.US успешно актуализирован: 21.04
   • VRTX.US успешно актуализирован: 438.35
   • WEAT.US успешно актуализирован: 25.07

⚡ [18:40:03] Прямой запуск обновления котировок акций...
💼 [Cron]: Обновляю 25 бумаг у брокера Freedom Broker (ID: 1)
📡 [REST FB]: Запрос котировок getStockQuotesJson для: ['AAPL.US', 'AMD.US', 'AMZN.US', 'APH.US', 'ASML.US', 'BA.US', 'BRK.B.US', 'CCJ.US', 'CEG.US', 'COPX.US', 'GLDM.US', 'GOOGL.US', 'IGV.US', 'LLY.US', 'MELI.US', 'META.US', 'MSFT.US', 'NOW.US', 'PG.US', 'SOFI.US', 'TSM.US', 'UBER.US', 'USAR.US', 'VRTX.US', 'WEAT.US']
   • AAPL.US успешно актуализирован: 295.87
   • AMD.US успешно актуализирован: 411.00
   • AMZN.US успешно актуализирован: 263.53
   • APH.US успешно актуализирован: 120.67
   • ASML.US успешно актуализирован: 1457.26
   • BA.US успешно актуализирован: 217.19
   • BRK.B.US успешно актуализирован: 486.11
   • CCJ.US успешно актуализирован: 103.87
   • CEG.US успешно актуализирован: 260.53
   • COPX.US успешно актуализирован: 80.87
   • GLDM.US успешно актуализирован: 89.82
   • GOOGL.US успешно актуализирован: 397.73
   • IGV.US успешно актуализирован: 92.52
   • LLY.US успешно актуализирован: 985.72
   • MELI.US успешно актуализирован: 1574.83
   • META.US успешно актуализирован: 610.50
   • MSFT.US успешно актуализирован: 423.15
   • NOW.US успешно актуализирован: 103.74
   • PG.US успешно актуализирован: 141.99
   • SOFI.US успешно актуализирован: 15.43
   • TSM.US успешно актуализирован: 391.62
   • UBER.US успешно актуализирован: 75.00
   • USAR.US успешно актуализирован: 20.98
   • VRTX.US успешно актуализирован: 436.44
   • WEAT.US успешно актуализирован: 25.07

⚡ [18:55:05] Прямой запуск обновления котировок акций...
💼 [Cron]: Обновляю 25 бумаг у брокера Freedom Broker (ID: 1)
📡 [REST FB]: Запрос котировок getStockQuotesJson для: ['MSFT.US', 'NOW.US', 'PG.US', 'SOFI.US', 'TSM.US', 'UBER.US', 'USAR.US', 'VRTX.US', 'WEAT.US', 'AAPL.US', 'AMD.US', 'AMZN.US', 'APH.US', 'ASML.US', 'BA.US', 'BRK.B.US', 'CCJ.US', 'CEG.US', 'COPX.US', 'GLDM.US', 'GOOGL.US', 'IGV.US', 'LLY.US', 'MELI.US', 'META.US']
   • AAPL.US успешно актуализирован: 295.74
   • AMD.US успешно актуализирован: 411.90
   • AMZN.US успешно актуализирован: 263.06
   • APH.US успешно актуализирован: 120.91
   • ASML.US успешно актуализирован: 1456.35
   • BA.US успешно актуализирован: 217.25
   • BRK.B.US успешно актуализирован: 486.26
   • CCJ.US успешно актуализирован: 103.95
   • CEG.US успешно актуализирован: 260.19
   • COPX.US успешно актуализирован: 80.86
   • GLDM.US успешно актуализирован: 89.83
   • GOOGL.US успешно актуализирован: 397.38
   • IGV.US успешно актуализирован: 91.95
   • LLY.US успешно актуализирован: 982.89
   • MELI.US успешно актуализирован: 1570.69
   • META.US успешно актуализирован: 608.95
   • MSFT.US успешно актуализирован: 421.37
   • NOW.US успешно актуализирован: 102.69
   • PG.US успешно актуализирован: 142.22
   • SOFI.US успешно актуализирован: 15.35
   • TSM.US успешно актуализирован: 391.27
   • UBER.US успешно актуализирован: 74.63
   • USAR.US успешно актуализирован: 20.94
   • VRTX.US успешно актуализирован: 435.13
   • WEAT.US успешно актуализирован: 25.10
🔌 [WS DLM НАКОПИТЕЛЬНЫЙ (D)]: Подключение к wss://wss.tradernet.kz...
✅ [WS DLM НАКОПИТЕЛЬНЫЙ (D)]: Соединение успешно установлено!
🔵 [WS DLM НАКОПИТЕЛЬНЫЙ (D)]: Триггер ордера! Вызов sync_manager...
🟢 [WS DLM НАКОПИТЕЛЬНЫЙ (D)]: Изменение портфеля! Вызов sync_manager...
🚀 [WS DLM НАКОПИТЕЛЬНЫЙ (D)]: База данных актуализирована по ордерам.
🚀 [WS DLM НАКОПИТЕЛЬНЫЙ (D)]: База данных актуализирована по портфелю.

⚡ [19:10:07] Прямой запуск обновления котировок акций...
💼 [Cron]: Обновляю 25 бумаг у брокера Freedom Broker (ID: 1)
📡 [REST FB]: Запрос котировок getStockQuotesJson для: ['AAPL.US', 'AMD.US', 'AMZN.US', 'APH.US', 'ASML.US', 'BA.US', 'BRK.B.US', 'CCJ.US', 'CEG.US', 'COPX.US', 'GLDM.US', 'GOOGL.US', 'IGV.US', 'LLY.US', 'MELI.US', 'META.US', 'MSFT.US', 'NOW.US', 'PG.US', 'SOFI.US', 'TSM.US', 'UBER.US', 'USAR.US', 'VRTX.US', 'WEAT.US']
   • AAPL.US успешно актуализирован: 297.03
   • AMD.US успешно актуализирован: 416.53
   • AMZN.US успешно актуализирован: 264.40
   • APH.US успешно актуализирован: 121.45
   • ASML.US успешно актуализирован: 1465.77
   • BA.US успешно актуализирован: 217.99
   • BRK.B.US успешно актуализирован: 487.20
   • CCJ.US успешно актуализирован: 104.81
   • CEG.US успешно актуализирован: 259.73
   • COPX.US успешно актуализирован: 81.63
   • GLDM.US успешно актуализирован: 90.17
   • GOOGL.US успешно актуализирован: 398.82
   • IGV.US успешно актуализирован: 92.48
   • LLY.US успешно актуализирован: 981.47
   • MELI.US успешно актуализирован: 1573.55
   • META.US успешно актуализирован: 612.20
   • MSFT.US успешно актуализирован: 422.91
   • NOW.US успешно актуализирован: 103.50
   • PG.US успешно актуализирован: 142.21
   • SOFI.US успешно актуализирован: 15.51
   • TSM.US успешно актуализирован: 394.13
   • UBER.US успешно актуализирован: 74.73
   • USAR.US успешно актуализирован: 21.20
   • VRTX.US успешно актуализирован: 435.67
   • WEAT.US успешно актуализирован: 25.04
🔵 [WS DLM ТОРГОВЫЙ]: Триггер ордера! Вызов sync_manager...
🟢 [WS DLM ТОРГОВЫЙ]: Изменение портфеля! Вызов sync_manager...
🚀 [WS DLM ТОРГОВЫЙ]: База данных актуализирована по ордерам.INFO:aiogram.event:Update id=211143051 is handled. Duration 2832 ms by bot id=8763783873

🔵 [WS DLM ТОРГОВЫЙ]: Триггер ордера! Вызов sync_manager...
🚀 [WS DLM ТОРГОВЫЙ]: База данных актуализирована по портфелю.
🟢 [WS DLM ТОРГОВЫЙ]: Изменение портфеля! Вызов sync_manager...
🚀 [WS DLM ТОРГОВЫЙ]: База данных актуализирована по ордерам.
🔵 [WS DLM ТОРГОВЫЙ]: Триггер ордера! Вызов sync_manager...
🚀 [WS DLM ТОРГОВЫЙ]: База данных актуализирована по портфелю.
🟢 [WS DLM ТОРГОВЫЙ]: Изменение портфеля! Вызов sync_manager...
🚀 [WS DLM ТОРГОВЫЙ]: База данных актуализирована по ордерам.
🔵 [WS DLM ТОРГОВЫЙ]: Триггер ордера! Вызов sync_manager...
🚀 [WS DLM ТОРГОВЫЙ]: База данных актуализирована по портфелю.
🚀 [WS DLM ТОРГОВЫЙ]: База данных актуализирована по ордерам.
🔵 [WS DLM ТОРГОВЫЙ]: Триггер ордера! Вызов sync_manager...
🚀 [WS DLM ТОРГОВЫЙ]: База данных актуализирована по ордерам.
🔵 [WS DLM ТОРГОВЫЙ]: Триггер ордера! Вызов sync_manager...
🚀 [WS DLM ТОРГОВЫЙ]: База данных актуализирована по ордерам.
🔵 [WS DLM ТОРГОВЫЙ]: Триггер ордера! Вызов sync_manager...
🚀 [WS DLM ТОРГОВЫЙ]: База данных актуализирована по ордерам.
🤖 [Бот]: Принудительный запрос обновления цен по кнопке пользователя.

⚡ [19:18:37] Прямой запуск обновления котировок акций...
💼 [Cron]: Обновляю 26 бумаг у брокера Freedom Broker (ID: 1)
📡 [REST FB]: Запрос котировок getStockQuotesJson для: ['IGV.US', 'LLY.US', 'MELI.US', 'META.US', 'MSFT.US', 'NOW.US', 'PG.US', 'SOFI.US', 'TSM.US', 'UBER.US', 'USAR.US', 'VRTX.US', 'WEAT.US', 'CIFR.US', 'AAPL.US', 'AMD.US', 'AMZN.US', 'APH.US', 'ASML.US', 'BA.US', 'BRK.B.US', 'CCJ.US', 'CEG.US', 'COPX.US', 'GLDM.US', 'GOOGL.US']
   • AAPL.US успешно актуализирован: 296.69
   • AMD.US успешно актуализирован: 414.93
   • AMZN.US успешно актуализирован: 263.92
   • APH.US успешно актуализирован: 121.31
   • ASML.US успешно актуализирован: 1461.96
   • BA.US успешно актуализирован: 218.07
   • BRK.B.US успешно актуализирован: 487.96
   • CCJ.US успешно актуализирован: 104.69
   • CEG.US успешно актуализирован: 259.52
   • CIFR.US успешно актуализирован: 18.64
   • COPX.US успешно актуализирован: 81.55
   • GLDM.US успешно актуализирован: 90.06
   • GOOGL.US успешно актуализирован: 397.86
   • IGV.US успешно актуализирован: 92.43
   • LLY.US успешно актуализирован: 984.59
   • MELI.US успешно актуализирован: 1573.87
   • META.US успешно актуализирован: 611.76
   • MSFT.US успешно актуализирован: 422.38
   • NOW.US успешно актуализирован: 103.10
   • PG.US успешно актуализирован: 142.29
   • SOFI.US успешно актуализирован: 15.51
   • TSM.US успешно актуализирован: 393.18
   • UBER.US успешно актуализирован: 74.62
   • USAR.US успешно актуализирован: 21.17
   • VRTX.US успешно актуализирован: 436.64
   • WEAT.US успешно актуализирован: 25.03

⚡ [19:18:39] Прямой запуск обновления курсов валют...
📡 [Yahoo Forex]: Сбор уникальных валют из СУБД...
📊 [Yahoo Forex]: Запуск обновления для пар к USD: ['GBP']
   • Обновляю курс GBP -> USD... ✅ 1.3423
🏁 [Yahoo Forex]: Синхронизация валютных курсов завершена.

⚡ [19:25:09] Прямой запуск обновления котировок акций...
💼 [Cron]: Обновляю 26 бумаг у брокера Freedom Broker (ID: 1)
📡 [REST FB]: Запрос котировок getStockQuotesJson для: ['AAPL.US', 'AMD.US', 'AMZN.US', 'APH.US', 'ASML.US', 'BA.US', 'BRK.B.US', 'CCJ.US', 'CEG.US', 'CIFR.US', 'COPX.US', 'GLDM.US', 'GOOGL.US', 'IGV.US', 'LLY.US', 'MELI.US', 'META.US', 'MSFT.US', 'NOW.US', 'PG.US', 'SOFI.US', 'TSM.US', 'UBER.US', 'USAR.US', 'VRTX.US', 'WEAT.US']
   • AAPL.US успешно актуализирован: 296.84
   • AMD.US успешно актуализирован: 414.28
   • AMZN.US успешно актуализирован: 263.55
   • APH.US успешно актуализирован: 120.95
   • ASML.US успешно актуализирован: 1461.86
   • BA.US успешно актуализирован: 218.13
   • BRK.B.US успешно актуализирован: 488.36
   • CCJ.US успешно актуализирован: 104.16
   • CEG.US успешно актуализирован: 259.44
   • CIFR.US успешно актуализирован: 18.65
   • COPX.US успешно актуализирован: 81.47
   • GLDM.US успешно актуализирован: 90.02
   • GOOGL.US успешно актуализирован: 397.30
   • IGV.US успешно актуализирован: 92.36
   • LLY.US успешно актуализирован: 982.00
   • MELI.US успешно актуализирован: 1573.67
   • META.US успешно актуализирован: 611.20
   • MSFT.US успешно актуализирован: 422.16
   • NOW.US успешно актуализирован: 102.96
   • PG.US успешно актуализирован: 142.21
   • SOFI.US успешно актуализирован: 15.48
   • TSM.US успешно актуализирован: 392.76
   • UBER.US успешно актуализирован: 74.59
   • USAR.US успешно актуализирован: 21.16
   • VRTX.US успешно актуализирован: 436.99
   • WEAT.US успешно актуализирован: 25.02

⚡ [19:40:12] Прямой запуск обновления котировок акций...
💼 [Cron]: Обновляю 26 бумаг у брокера Freedom Broker (ID: 1)
📡 [REST FB]: Запрос котировок getStockQuotesJson для: ['BRK.B.US', 'CCJ.US', 'CEG.US', 'CIFR.US', 'COPX.US', 'GLDM.US', 'GOOGL.US', 'IGV.US', 'LLY.US', 'MELI.US', 'META.US', 'MSFT.US', 'NOW.US', 'PG.US', 'SOFI.US', 'TSM.US', 'UBER.US', 'USAR.US', 'VRTX.US', 'WEAT.US', 'AAPL.US', 'AMD.US', 'AMZN.US', 'APH.US', 'ASML.US', 'BA.US']
   • AAPL.US успешно актуализирован: 297.42
   • AMD.US успешно актуализирован: 417.72
   • AMZN.US успешно актуализирован: 264.59
   • APH.US успешно актуализирован: 121.25
   • ASML.US успешно актуализирован: 1467.38
   • BA.US успешно актуализирован: 219.99
   • BRK.B.US успешно актуализирован: 488.80
   • CCJ.US успешно актуализирован: 104.51
   • CEG.US успешно актуализирован: 259.26
   • CIFR.US успешно актуализирован: 18.75
   • COPX.US успешно актуализирован: 81.77
   • GLDM.US успешно актуализирован: 90.21
   • GOOGL.US успешно актуализирован: 397.50
   • IGV.US успешно актуализирован: 92.73
   • LLY.US успешно актуализирован: 983.96
   • MELI.US успешно актуализирован: 1575.41
   • META.US успешно актуализирован: 611.58
   • MSFT.US успешно актуализирован: 423.25
   • NOW.US успешно актуализирован: 103.57
   • PG.US успешно актуализирован: 142.19
   • SOFI.US успешно актуализирован: 15.58
   • TSM.US успешно актуализирован: 394.69
   • UBER.US успешно актуализирован: 74.80
   • USAR.US успешно актуализирован: 21.27
   • VRTX.US успешно актуализирован: 436.09
   • WEAT.US успешно актуализирован: 25.02

⚡ [19:55:14] Прямой запуск обновления котировок акций...
💼 [Cron]: Обновляю 26 бумаг у брокера Freedom Broker (ID: 1)
📡 [REST FB]: Запрос котировок getStockQuotesJson для: ['WEAT.US', 'AAPL.US', 'AMD.US', 'AMZN.US', 'APH.US', 'ASML.US', 'BA.US', 'BRK.B.US', 'CCJ.US', 'CEG.US', 'CIFR.US', 'COPX.US', 'GLDM.US', 'GOOGL.US', 'IGV.US', 'LLY.US', 'MELI.US', 'META.US', 'MSFT.US', 'NOW.US', 'PG.US', 'SOFI.US', 'TSM.US', 'UBER.US', 'USAR.US', 'VRTX.US']
   • AAPL.US успешно актуализирован: 297.75
   • AMD.US успешно актуализирован: 421.73
   • AMZN.US успешно актуализирован: 264.71
   • APH.US успешно актуализирован: 121.50
   • ASML.US успешно актуализирован: 1476.87
   • BA.US успешно актуализирован: 220.42
   • BRK.B.US успешно актуализирован: 487.31
   • CCJ.US успешно актуализирован: 104.84
   • CEG.US успешно актуализирован: 261.68
   • CIFR.US успешно актуализирован: 18.96
   • COPX.US успешно актуализирован: 81.87
   • GLDM.US успешно актуализирован: 90.24
   • GOOGL.US успешно актуализирован: 396.15
   • IGV.US успешно актуализирован: 92.88
   • LLY.US успешно актуализирован: 987.73
   • MELI.US успешно актуализирован: 1582.77
   • META.US успешно актуализирован: 610.43
   • MSFT.US успешно актуализирован: 422.89
   • NOW.US успешно актуализирован: 103.34
   • PG.US успешно актуализирован: 142.20
   • SOFI.US успешно актуализирован: 15.69
   • TSM.US успешно актуализирован: 396.46
   • UBER.US успешно актуализирован: 75.07
   • USAR.US успешно актуализирован: 21.21
   • VRTX.US успешно актуализирован: 436.92
   • WEAT.US успешно актуализирован: 25.01

⚡ [20:09:56] Прямой запуск обновления курсов валют...
📡 [Yahoo Forex]: Сбор уникальных валют из СУБД...
📊 [Yahoo Forex]: Запуск обновления для пар к USD: ['GBP']
   • Обновляю курс GBP -> USD... ✅ 1.3437
🏁 [Yahoo Forex]: Синхронизация валютных курсов завершена.

⚡ [20:10:16] Прямой запуск обновления котировок акций...
💼 [Cron]: Обновляю 26 бумаг у брокера Freedom Broker (ID: 1)
📡 [REST FB]: Запрос котировок getStockQuotesJson для: ['AAPL.US', 'AMD.US', 'AMZN.US', 'APH.US', 'ASML.US', 'BA.US', 'BRK.B.US', 'CCJ.US', 'CEG.US', 'CIFR.US', 'COPX.US', 'GLDM.US', 'GOOGL.US', 'IGV.US', 'LLY.US', 'MELI.US', 'META.US', 'MSFT.US', 'NOW.US', 'PG.US', 'SOFI.US', 'TSM.US', 'UBER.US', 'USAR.US', 'VRTX.US', 'WEAT.US']
   • AAPL.US успешно актуализирован: 297.42
   • AMD.US успешно актуализирован: 420.37
   • AMZN.US успешно актуализирован: 264.65
   • APH.US успешно актуализирован: 121.73
   • ASML.US успешно актуализирован: 1470.00
   • BA.US успешно актуализирован: 220.55
   • BRK.B.US успешно актуализирован: 487.53
   • CCJ.US успешно актуализирован: 105.28
   • CEG.US успешно актуализирован: 262.10
   • CIFR.US успешно актуализирован: 19.11
   • COPX.US успешно актуализирован: 81.84
   • GLDM.US успешно актуализирован: 90.21
   • GOOGL.US успешно актуализирован: 397.27
   • IGV.US успешно актуализирован: 92.85
   • LLY.US успешно актуализирован: 990.48
   • MELI.US успешно актуализирован: 1584.89
   • META.US успешно актуализирован: 610.49
   • MSFT.US успешно актуализирован: 423.75
   • NOW.US успешно актуализирован: 103.92
   • PG.US успешно актуализирован: 142.40
   • SOFI.US успешно актуализирован: 15.67
   • TSM.US успешно актуализирован: 395.40
   • UBER.US успешно актуализирован: 75.02
   • USAR.US успешно актуализирован: 21.23
   • VRTX.US успешно актуализирован: 436.58
   • WEAT.US успешно актуализирован: 25.00

⚡ [20:25:18] Прямой запуск обновления котировок акций...
💼 [Cron]: Обновляю 26 бумаг у брокера Freedom Broker (ID: 1)
📡 [REST FB]: Запрос котировок getStockQuotesJson для: ['NOW.US', 'PG.US', 'SOFI.US', 'TSM.US', 'UBER.US', 'USAR.US', 'VRTX.US', 'WEAT.US', 'AAPL.US', 'AMD.US', 'AMZN.US', 'APH.US', 'ASML.US', 'BA.US', 'BRK.B.US', 'CCJ.US', 'CEG.US', 'CIFR.US', 'COPX.US', 'GLDM.US', 'GOOGL.US', 'IGV.US', 'LLY.US', 'MELI.US', 'META.US', 'MSFT.US']
   • AAPL.US успешно актуализирован: 297.27
   • AMD.US успешно актуализирован: 420.89
   • AMZN.US успешно актуализирован: 264.70
   • APH.US успешно актуализирован: 121.73
   • ASML.US успешно актуализирован: 1470.60
   • BA.US успешно актуализирован: 220.38
   • BRK.B.US успешно актуализирован: 487.00
   • CCJ.US успешно актуализирован: 105.14
   • CEG.US успешно актуализирован: 262.18
   • CIFR.US успешно актуализирован: 19.07
   • COPX.US успешно актуализирован: 82.08
   • GLDM.US успешно актуализирован: 90.27
   • GOOGL.US успешно актуализирован: 396.90
   • IGV.US успешно актуализирован: 92.82
   • LLY.US успешно актуализирован: 989.23
   • MELI.US успешно актуализирован: 1583.99
   • META.US успешно актуализирован: 610.63
   • MSFT.US успешно актуализирован: 423.31
   • NOW.US успешно актуализирован: 103.88
   • PG.US успешно актуализирован: 142.40
   • SOFI.US успешно актуализирован: 15.65
   • TSM.US успешно актуализирован: 395.77
   • UBER.US успешно актуализирован: 74.99
   • USAR.US успешно актуализирован: 21.23
   • VRTX.US успешно актуализирован: 436.58
   • WEAT.US успешно актуализирован: 25.00
🔌 [WS EAM ТОРГОВЫЙ]: Подключение к wss://wss.tradernet.kz...
✅ [WS EAM ТОРГОВЫЙ]: Соединение успешно установлено!
🔵 [WS EAM ТОРГОВЫЙ]: Триггер ордера! Вызов sync_manager...
🟢 [WS EAM ТОРГОВЫЙ]: Изменение портфеля! Вызов sync_manager...
🚀 [WS EAM ТОРГОВЫЙ]: База данных актуализирована по ордерам.
Ошибка транзакции sync_portfolio_orders: duplicate key value violates unique constraint "orders_portfolio_id_broker_order_id_key"
DETAIL:  Key (portfolio_id, broker_order_id)=(2, 566600280) already exists.

⚠️ Предупреждение: Не удалось обновить слепок приказов: duplicate key value violates unique constraint "orders_portfolio_id_broker_order_id_key"
DETAIL:  Key (portfolio_id, broker_order_id)=(2, 566600280) already exists.

🚀 [WS EAM ТОРГОВЫЙ]: База данных актуализирована по портфелю.

⚡ [20:40:20] Прямой запуск обновления котировок акций...
💼 [Cron]: Обновляю 26 бумаг у брокера Freedom Broker (ID: 1)
📡 [REST FB]: Запрос котировок getStockQuotesJson для: ['AAPL.US', 'AMD.US', 'AMZN.US', 'APH.US', 'ASML.US', 'BA.US', 'BRK.B.US', 'CCJ.US', 'CEG.US', 'CIFR.US', 'COPX.US', 'GLDM.US', 'GOOGL.US', 'IGV.US', 'LLY.US', 'MELI.US', 'META.US', 'MSFT.US', 'NOW.US', 'PG.US', 'SOFI.US', 'TSM.US', 'UBER.US', 'USAR.US', 'VRTX.US', 'WEAT.US']
   • AAPL.US успешно актуализирован: 297.39
   • AMD.US успешно актуализирован: 421.50
   • AMZN.US успешно актуализирован: 264.71
   • APH.US успешно актуализирован: 122.11
   • ASML.US успешно актуализирован: 1470.92
   • BA.US успешно актуализирован: 220.35
   • BRK.B.US успешно актуализирован: 486.99
   • CCJ.US успешно актуализирован: 105.15
   • CEG.US успешно актуализирован: 262.30
   • CIFR.US успешно актуализирован: 19.07
   • COPX.US успешно актуализирован: 82.08
   • GLDM.US успешно актуализирован: 90.28
   • GOOGL.US успешно актуализирован: 397.18
   • IGV.US успешно актуализирован: 92.82
   • LLY.US успешно актуализирован: 988.81
   • MELI.US успешно актуализирован: 1585.20
   • META.US успешно актуализирован: 610.65
   • MSFT.US успешно актуализирован: 423.32
   • NOW.US успешно актуализирован: 103.85
   • PG.US успешно актуализирован: 142.39
   • SOFI.US успешно актуализирован: 15.67
   • TSM.US успешно актуализирован: 395.49
   • UBER.US успешно актуализирован: 74.98
   • USAR.US успешно актуализирован: 21.29
   • VRTX.US успешно актуализирован: 436.58
   • WEAT.US успешно актуализирован: 25.10
🔌 [WS DLM ТОРГОВЫЙ]: Подключение к wss://wss.tradernet.kz...
✅ [WS DLM ТОРГОВЫЙ]: Соединение успешно установлено!
🔵 [WS DLM ТОРГОВЫЙ]: Триггер ордера! Вызов sync_manager...
🟢 [WS DLM ТОРГОВЫЙ]: Изменение портфеля! Вызов sync_manager...
🚀 [WS DLM ТОРГОВЫЙ]: База данных актуализирована по ордерам.
🚀 [WS DLM ТОРГОВЫЙ]: База данных актуализирована по портфелю.

⚡ [20:55:22] Прямой запуск обновления котировок акций...
💼 [Cron]: Обновляю 26 бумаг у брокера Freedom Broker (ID: 1)
📡 [REST FB]: Запрос котировок getStockQuotesJson для: ['GLDM.US', 'GOOGL.US', 'IGV.US', 'LLY.US', 'MELI.US', 'META.US', 'MSFT.US', 'NOW.US', 'PG.US', 'SOFI.US', 'TSM.US', 'UBER.US', 'USAR.US', 'VRTX.US', 'WEAT.US', 'AAPL.US', 'AMD.US', 'AMZN.US', 'APH.US', 'ASML.US', 'BA.US', 'BRK.B.US', 'CCJ.US', 'CEG.US', 'CIFR.US', 'COPX.US']
   • AAPL.US успешно актуализирован: 297.34
   • AMD.US успешно актуализирован: 421.15
   • AMZN.US успешно актуализирован: 264.68
   • APH.US успешно актуализирован: 122.11
   • ASML.US успешно актуализирован: 1470.92
   • BA.US успешно актуализирован: 220.25
   • BRK.B.US успешно актуализирован: 487.04
   • CCJ.US успешно актуализирован: 105.08
   • CEG.US успешно актуализирован: 262.20
   • CIFR.US успешно актуализирован: 19.04
   • COPX.US успешно актуализирован: 82.08
   • GLDM.US успешно актуализирован: 90.28
   • GOOGL.US успешно актуализирован: 397.16
   • IGV.US успешно актуализирован: 92.82
   • LLY.US успешно актуализирован: 988.98
   • MELI.US успешно актуализирован: 1582.21
   • META.US успешно актуализирован: 610.58
   • MSFT.US успешно актуализирован: 423.35
   • NOW.US успешно актуализирован: 103.79
   • PG.US успешно актуализирован: 142.49
   • SOFI.US успешно актуализирован: 15.67
   • TSM.US успешно актуализирован: 395.51
   • UBER.US успешно актуализирован: 75.15
   • USAR.US успешно актуализирован: 21.28
   • VRTX.US успешно актуализирован: 436.58
   • WEAT.US успешно актуализирован: 25.10

⚡ [21:10:24] Прямой запуск обновления котировок акций...
💼 [Cron]: Обновляю 26 бумаг у брокера Freedom Broker (ID: 1)
📡 [REST FB]: Запрос котировок getStockQuotesJson для: ['AAPL.US', 'AMD.US', 'AMZN.US', 'APH.US', 'ASML.US', 'BA.US', 'BRK.B.US', 'CCJ.US', 'CEG.US', 'CIFR.US', 'COPX.US', 'GLDM.US', 'GOOGL.US', 'IGV.US', 'LLY.US', 'MELI.US', 'META.US', 'MSFT.US', 'NOW.US', 'PG.US', 'SOFI.US', 'TSM.US', 'UBER.US', 'USAR.US', 'VRTX.US', 'WEAT.US']
   • AAPL.US успешно актуализирован: 297.43
   • AMD.US успешно актуализирован: 421.53
   • AMZN.US успешно актуализирован: 264.74
   • APH.US успешно актуализирован: 122.03
   • ASML.US успешно актуализирован: 1473.00
   • BA.US успешно актуализирован: 220.15
   • BRK.B.US успешно актуализирован: 487.52
   • CCJ.US успешно актуализирован: 105.08
   • CEG.US успешно актуализирован: 263.00
   • CIFR.US успешно актуализирован: 19.04
   • COPX.US успешно актуализирован: 82.08
   • GLDM.US успешно актуализирован: 90.37
   • GOOGL.US успешно актуализирован: 397.29
   • IGV.US успешно актуализирован: 92.88
   • LLY.US успешно актуализирован: 988.46
   • MELI.US успешно актуализирован: 1584.15
   • META.US успешно актуализирован: 610.66
   • MSFT.US успешно актуализирован: 423.58
   • NOW.US успешно актуализирован: 103.95
   • PG.US успешно актуализирован: 142.49
   • SOFI.US успешно актуализирован: 15.67
   • TSM.US успешно актуализирован: 395.73
   • UBER.US успешно актуализирован: 75.13
   • USAR.US успешно актуализирован: 21.28
   • VRTX.US успешно актуализирован: 436.58
   • WEAT.US успешно актуализирован: 25.10

⚡ [21:25:26] Прямой запуск обновления котировок акций...
💼 [Cron]: Обновляю 26 бумаг у брокера Freedom Broker (ID: 1)
📡 [REST FB]: Запрос котировок getStockQuotesJson для: ['ASML.US', 'BA.US', 'BRK.B.US', 'CCJ.US', 'CEG.US', 'CIFR.US', 'COPX.US', 'GLDM.US', 'GOOGL.US', 'IGV.US', 'LLY.US', 'MELI.US', 'META.US', 'MSFT.US', 'NOW.US', 'PG.US', 'SOFI.US', 'TSM.US', 'UBER.US', 'USAR.US', 'VRTX.US', 'WEAT.US', 'AAPL.US', 'AMD.US', 'AMZN.US', 'APH.US']
   • AAPL.US успешно актуализирован: 297.40
   • AMD.US успешно актуализирован: 421.85
   • AMZN.US успешно актуализирован: 264.70
   • APH.US успешно актуализирован: 122.00
   • ASML.US успешно актуализирован: 1473.66
   • BA.US успешно актуализирован: 220.26
   • BRK.B.US успешно актуализирован: 487.50
   • CCJ.US успешно актуализирован: 105.40
   • CEG.US успешно актуализирован: 262.75
   • CIFR.US успешно актуализирован: 19.04
   • COPX.US успешно актуализирован: 82.35
   • GLDM.US успешно актуализирован: 90.30
   • GOOGL.US успешно актуализирован: 397.33
   • IGV.US успешно актуализирован: 92.91
   • LLY.US успешно актуализирован: 989.00
   • MELI.US успешно актуализирован: 1584.36
   • META.US успешно актуализирован: 610.34
   • MSFT.US успешно актуализирован: 423.55
   • NOW.US успешно актуализирован: 104.40
   • PG.US успешно актуализирован: 142.49
   • SOFI.US успешно актуализирован: 15.67
   • TSM.US успешно актуализирован: 395.66
   • UBER.US успешно актуализирован: 75.13
   • USAR.US успешно актуализирован: 21.30
   • VRTX.US успешно актуализирован: 436.58
   • WEAT.US успешно актуализирован: 25.10

⚡ [21:40:29] Прямой запуск обновления котировок акций...
💼 [Cron]: Обновляю 26 бумаг у брокера Freedom Broker (ID: 1)
📡 [REST FB]: Запрос котировок getStockQuotesJson для: ['USAR.US', 'VRTX.US', 'WEAT.US', 'AAPL.US', 'AMD.US', 'AMZN.US', 'APH.US', 'ASML.US', 'BA.US', 'BRK.B.US', 'CCJ.US', 'CEG.US', 'CIFR.US', 'COPX.US', 'GLDM.US', 'GOOGL.US', 'IGV.US', 'LLY.US', 'MELI.US', 'META.US', 'MSFT.US', 'NOW.US', 'PG.US', 'SOFI.US', 'TSM.US', 'UBER.US']
   • AAPL.US успешно актуализирован: 297.40
   • AMD.US успешно актуализирован: 421.88
   • AMZN.US успешно актуализирован: 264.65
   • APH.US успешно актуализирован: 122.00
   • ASML.US успешно актуализирован: 1473.60
   • BA.US успешно актуализирован: 220.01
   • BRK.B.US успешно актуализирован: 487.40
   • CCJ.US успешно актуализирован: 105.40
   • CEG.US успешно актуализирован: 262.75
   • CIFR.US успешно актуализирован: 18.99
   • COPX.US успешно актуализирован: 82.35
   • GLDM.US успешно актуализирован: 90.30
   • GOOGL.US успешно актуализирован: 397.23
   • IGV.US успешно актуализирован: 92.91
   • LLY.US успешно актуализирован: 988.48
   • MELI.US успешно актуализирован: 1583.50
   • META.US успешно актуализирован: 610.20
   • MSFT.US успешно актуализирован: 423.21
   • NOW.US успешно актуализирован: 104.25
   • PG.US успешно актуализирован: 142.22
   • SOFI.US успешно актуализирован: 15.66
   • TSM.US успешно актуализирован: 395.74
   • UBER.US успешно актуализирован: 75.05
   • USAR.US успешно актуализирован: 21.30
   • VRTX.US успешно актуализирован: 436.58
   • WEAT.US успешно актуализирован: 25.10

⚡ [21:55:31] Прямой запуск обновления котировок акций...
💼 [Cron]: Обновляю 26 бумаг у брокера Freedom Broker (ID: 1)
📡 [REST FB]: Запрос котировок getStockQuotesJson для: ['AAPL.US', 'AMD.US', 'AMZN.US', 'APH.US', 'ASML.US', 'BA.US', 'BRK.B.US', 'CCJ.US', 'CEG.US', 'CIFR.US', 'COPX.US', 'GLDM.US', 'GOOGL.US', 'IGV.US', 'LLY.US', 'MELI.US', 'META.US', 'MSFT.US', 'NOW.US', 'PG.US', 'SOFI.US', 'TSM.US', 'UBER.US', 'USAR.US', 'VRTX.US', 'WEAT.US']
   • AAPL.US успешно актуализирован: 297.36
   • AMD.US успешно актуализирован: 422.64
   • AMZN.US успешно актуализирован: 264.60
   • APH.US успешно актуализирован: 122.00
   • ASML.US успешно актуализирован: 1471.07
   • BA.US успешно актуализирован: 220.10
   • BRK.B.US успешно актуализирован: 487.50
   • CCJ.US успешно актуализирован: 105.30
   • CEG.US успешно актуализирован: 262.74
   • CIFR.US успешно актуализирован: 18.93
   • COPX.US успешно актуализирован: 82.35
   • GLDM.US успешно актуализирован: 90.30
   • GOOGL.US успешно актуализирован: 397.49
   • IGV.US успешно актуализирован: 92.88
   • LLY.US успешно актуализирован: 988.10
   • MELI.US успешно актуализирован: 1584.40
   • META.US успешно актуализирован: 610.45
   • MSFT.US успешно актуализирован: 423.31
   • NOW.US успешно актуализирован: 104.39
   • PG.US успешно актуализирован: 142.22
   • SOFI.US успешно актуализирован: 15.68
   • TSM.US успешно актуализирован: 395.79
   • UBER.US успешно актуализирован: 75.05
   • USAR.US успешно актуализирован: 21.32
   • VRTX.US успешно актуализирован: 436.58
   • WEAT.US успешно актуализирован: 25.10

⚡ [22:09:57] Прямой запуск обновления курсов валют...
📡 [Yahoo Forex]: Сбор уникальных валют из СУБД...
📊 [Yahoo Forex]: Запуск обновления для пар к USD: ['GBP']
   • Обновляю курс GBP -> USD... ✅ 1.3436
🏁 [Yahoo Forex]: Синхронизация валютных курсов завершена.

⚡ [22:10:33] Прямой запуск обновления котировок акций...
💼 [Cron]: Обновляю 26 бумаг у брокера Freedom Broker (ID: 1)
📡 [REST FB]: Запрос котировок getStockQuotesJson для: ['META.US', 'MSFT.US', 'NOW.US', 'PG.US', 'SOFI.US', 'TSM.US', 'UBER.US', 'USAR.US', 'VRTX.US', 'WEAT.US', 'AAPL.US', 'AMD.US', 'AMZN.US', 'APH.US', 'ASML.US', 'BA.US', 'BRK.B.US', 'CCJ.US', 'CEG.US', 'CIFR.US', 'COPX.US', 'GLDM.US', 'GOOGL.US', 'IGV.US', 'LLY.US', 'MELI.US']
   • AAPL.US успешно актуализирован: 297.31
   • AMD.US успешно актуализирован: 424.18
   • AMZN.US успешно актуализирован: 264.81
   • APH.US успешно актуализирован: 121.86
   • ASML.US успешно актуализирован: 1471.97
   • BA.US успешно актуализирован: 220.53
   • BRK.B.US успешно актуализирован: 487.50
   • CCJ.US успешно актуализирован: 105.30
   • CEG.US успешно актуализирован: 263.03
   • CIFR.US успешно актуализирован: 19.04
   • COPX.US успешно актуализирован: 82.35
   • GLDM.US успешно актуализирован: 90.44
   • GOOGL.US успешно актуализирован: 398.00
   • IGV.US успешно актуализирован: 93.00
   • LLY.US успешно актуализирован: 989.00
   • MELI.US успешно актуализирован: 1586.00
   • META.US успешно актуализирован: 610.58
   • MSFT.US успешно актуализирован: 423.37
   • NOW.US успешно актуализирован: 104.23
   • PG.US успешно актуализирован: 142.37
   • SOFI.US успешно актуализирован: 15.70
   • TSM.US успешно актуализирован: 396.75
   • UBER.US успешно актуализирован: 75.10
   • USAR.US успешно актуализирован: 21.45
   • VRTX.US успешно актуализирован: 436.58
   • WEAT.US успешно актуализирован: 25.10

⚡ [22:25:35] Прямой запуск обновления котировок акций...
💼 [Cron]: Обновляю 26 бумаг у брокера Freedom Broker (ID: 1)
📡 [REST FB]: Запрос котировок getStockQuotesJson для: ['AAPL.US', 'AMD.US', 'AMZN.US', 'APH.US', 'ASML.US', 'BA.US', 'BRK.B.US', 'CCJ.US', 'CEG.US', 'CIFR.US', 'COPX.US', 'GLDM.US', 'GOOGL.US', 'IGV.US', 'LLY.US', 'MELI.US', 'META.US', 'MSFT.US', 'NOW.US', 'PG.US', 'SOFI.US', 'TSM.US', 'UBER.US', 'USAR.US', 'VRTX.US', 'WEAT.US']
   • AAPL.US успешно актуализирован: 297.50
   • AMD.US успешно актуализирован: 423.93
   • AMZN.US успешно актуализирован: 265.05
   • APH.US успешно актуализирован: 122.19
   • ASML.US успешно актуализирован: 1472.39
   • BA.US успешно актуализирован: 220.36
   • BRK.B.US успешно актуализирован: 487.45
   • CCJ.US успешно актуализирован: 105.30
   • CEG.US успешно актуализирован: 263.30
   • CIFR.US успешно актуализирован: 19.05
   • COPX.US успешно актуализирован: 82.35
   • GLDM.US успешно актуализирован: 90.49
   • GOOGL.US успешно актуализирован: 398.60
   • IGV.US успешно актуализирован: 93.00
   • LLY.US успешно актуализирован: 988.50
   • MELI.US успешно актуализирован: 1587.45
   • META.US успешно актуализирован: 611.14
   • MSFT.US успешно актуализирован: 423.58
   • NOW.US успешно актуализирован: 104.40
   • PG.US успешно актуализирован: 142.47
   • SOFI.US успешно актуализирован: 15.72
   • TSM.US успешно актуализирован: 396.61
   • UBER.US успешно актуализирован: 75.09
   • USAR.US успешно актуализирован: 21.48
   • VRTX.US успешно актуализирован: 436.58
   • WEAT.US успешно актуализирован: 25.10

⚡ [22:40:37] Прямой запуск обновления котировок акций...
💼 [Cron]: Обновляю 26 бумаг у брокера Freedom Broker (ID: 1)
📡 [REST FB]: Запрос котировок getStockQuotesJson для: ['CIFR.US', 'COPX.US', 'GLDM.US', 'GOOGL.US', 'IGV.US', 'LLY.US', 'MELI.US', 'META.US', 'MSFT.US', 'NOW.US', 'PG.US', 'SOFI.US', 'TSM.US', 'UBER.US', 'USAR.US', 'VRTX.US', 'WEAT.US', 'AAPL.US', 'AMD.US', 'AMZN.US', 'APH.US', 'ASML.US', 'BA.US', 'BRK.B.US', 'CCJ.US', 'CEG.US']
   • AAPL.US успешно актуализирован: 297.38
   • AMD.US успешно актуализирован: 423.94
   • AMZN.US успешно актуализирован: 264.95
   • APH.US успешно актуализирован: 122.20
   • ASML.US успешно актуализирован: 1473.85
   • BA.US успешно актуализирован: 220.36
   • BRK.B.US успешно актуализирован: 487.45
   • CCJ.US успешно актуализирован: 105.30
   • CEG.US успешно актуализирован: 263.21
   • CIFR.US успешно актуализирован: 19.11
   • COPX.US успешно актуализирован: 82.35
   • GLDM.US успешно актуализирован: 90.50
   • GOOGL.US успешно актуализирован: 399.42
   • IGV.US успешно актуализирован: 93.09
   • LLY.US успешно актуализирован: 989.23
   • MELI.US успешно актуализирован: 1587.50
   • META.US успешно актуализирован: 611.00
   • MSFT.US успешно актуализирован: 423.40
   • NOW.US успешно актуализирован: 104.61
   • PG.US успешно актуализирован: 142.47
   • SOFI.US успешно актуализирован: 15.72
   • TSM.US успешно актуализирован: 397.36
   • UBER.US успешно актуализирован: 75.10
   • USAR.US успешно актуализирован: 21.46
   • VRTX.US успешно актуализирован: 436.58
   • WEAT.US успешно актуализирован: 25.10

⚡ [22:55:39] Прямой запуск обновления котировок акций...
💼 [Cron]: Обновляю 26 бумаг у брокера Freedom Broker (ID: 1)
📡 [REST FB]: Запрос котировок getStockQuotesJson для: ['AAPL.US', 'AMD.US', 'AMZN.US', 'APH.US', 'ASML.US', 'BA.US', 'BRK.B.US', 'CCJ.US', 'CEG.US', 'CIFR.US', 'COPX.US', 'GLDM.US', 'GOOGL.US', 'IGV.US', 'LLY.US', 'MELI.US', 'META.US', 'MSFT.US', 'NOW.US', 'PG.US', 'SOFI.US', 'TSM.US', 'UBER.US', 'USAR.US', 'VRTX.US', 'WEAT.US']
   • AAPL.US успешно актуализирован: 297.43
   • AMD.US успешно актуализирован: 423.45
   • AMZN.US успешно актуализирован: 264.92
   • APH.US успешно актуализирован: 122.20
   • ASML.US успешно актуализирован: 1473.62
   • BA.US успешно актуализирован: 220.33
   • BRK.B.US успешно актуализирован: 487.54
   • CCJ.US успешно актуализирован: 105.30
   • CEG.US успешно актуализирован: 263.30
   • CIFR.US успешно актуализирован: 19.11
   • COPX.US успешно актуализирован: 82.24
   • GLDM.US успешно актуализирован: 90.50
   • GOOGL.US успешно актуализирован: 398.89
   • IGV.US успешно актуализирован: 93.16
   • LLY.US успешно актуализирован: 989.23
   • MELI.US успешно актуализирован: 1587.00
   • META.US успешно актуализирован: 610.71
   • MSFT.US успешно актуализирован: 423.20
   • NOW.US успешно актуализирован: 104.80
   • PG.US успешно актуализирован: 142.47
   • SOFI.US успешно актуализирован: 15.74
   • TSM.US успешно актуализирован: 397.25
   • UBER.US успешно актуализирован: 75.10
   • USAR.US успешно актуализирован: 21.43
   • VRTX.US успешно актуализирован: 436.58
   • WEAT.US успешно актуализирован: 25.10

⚡ [23:10:41] Прямой запуск обновления котировок акций...
💼 [Cron]: Обновляю 26 бумаг у брокера Freedom Broker (ID: 1)
📡 [REST FB]: Запрос котировок getStockQuotesJson для: ['AMZN.US', 'APH.US', 'ASML.US', 'BA.US', 'BRK.B.US', 'CCJ.US', 'CEG.US', 'CIFR.US', 'COPX.US', 'GLDM.US', 'GOOGL.US', 'IGV.US', 'LLY.US', 'MELI.US', 'META.US', 'MSFT.US', 'NOW.US', 'PG.US', 'SOFI.US', 'TSM.US', 'UBER.US', 'USAR.US', 'VRTX.US', 'WEAT.US', 'AAPL.US', 'AMD.US']
   • AAPL.US успешно актуализирован: 297.52
   • AMD.US успешно актуализирован: 423.80
   • AMZN.US успешно актуализирован: 265.12
   • APH.US успешно актуализирован: 121.86
   • ASML.US успешно актуализирован: 1475.99
   • BA.US успешно актуализирован: 220.42
   • BRK.B.US успешно актуализирован: 487.30
   • CCJ.US успешно актуализирован: 105.30
   • CEG.US успешно актуализирован: 263.30
   • CIFR.US успешно актуализирован: 19.11
   • COPX.US успешно актуализирован: 82.24
   • GLDM.US успешно актуализирован: 90.50
   • GOOGL.US успешно актуализирован: 399.41
   • IGV.US успешно актуализирован: 93.20
   • LLY.US успешно актуализирован: 989.24
   • MELI.US успешно актуализирован: 1587.00
   • META.US успешно актуализирован: 611.16
   • MSFT.US успешно актуализирован: 423.30
   • NOW.US успешно актуализирован: 104.90
   • PG.US успешно актуализирован: 142.47
   • SOFI.US успешно актуализирован: 15.74
   • TSM.US успешно актуализирован: 397.78
   • UBER.US успешно актуализирован: 75.10
   • USAR.US успешно актуализирован: 21.43
   • VRTX.US успешно актуализирован: 436.58
   • WEAT.US успешно актуализирован: 25.10

⚡ [23:25:43] Прямой запуск обновления котировок акций...
💼 [Cron]: Обновляю 26 бумаг у брокера Freedom Broker (ID: 1)
📡 [REST FB]: Запрос котировок getStockQuotesJson для: ['TSM.US', 'UBER.US', 'USAR.US', 'VRTX.US', 'WEAT.US', 'AAPL.US', 'AMD.US', 'AMZN.US', 'APH.US', 'ASML.US', 'BA.US', 'BRK.B.US', 'CCJ.US', 'CEG.US', 'CIFR.US', 'COPX.US', 'GLDM.US', 'GOOGL.US', 'IGV.US', 'LLY.US', 'MELI.US', 'META.US', 'MSFT.US', 'NOW.US', 'PG.US', 'SOFI.US']
   • AAPL.US успешно актуализирован: 297.55
   • AMD.US успешно актуализирован: 423.31
   • AMZN.US успешно актуализирован: 264.93
   • APH.US успешно актуализирован: 121.86
   • ASML.US успешно актуализирован: 1477.50
   • BA.US успешно актуализирован: 220.42
   • BRK.B.US успешно актуализирован: 487.38
   • CCJ.US успешно актуализирован: 105.30
   • CEG.US успешно актуализирован: 263.30
   • CIFR.US успешно актуализирован: 19.09
   • COPX.US успешно актуализирован: 82.33
   • GLDM.US успешно актуализирован: 90.50
   • GOOGL.US успешно актуализирован: 398.99
   • IGV.US успешно актуализирован: 93.20
   • LLY.US успешно актуализирован: 989.24
   • MELI.US успешно актуализирован: 1587.00
   • META.US успешно актуализирован: 611.00
   • MSFT.US успешно актуализирован: 423.26
   • NOW.US успешно актуализирован: 105.10
   • PG.US успешно актуализирован: 142.47
   • SOFI.US успешно актуализирован: 15.74
   • TSM.US успешно актуализирован: 397.37
   • UBER.US успешно актуализирован: 75.09
   • USAR.US успешно актуализирован: 21.42
   • VRTX.US успешно актуализирован: 436.58
   • WEAT.US успешно актуализирован: 25.10

⚡ [23:40:45] Прямой запуск обновления котировок акций...
💼 [Cron]: Обновляю 26 бумаг у брокера Freedom Broker (ID: 1)
📡 [REST FB]: Запрос котировок getStockQuotesJson для: ['AAPL.US', 'AMD.US', 'AMZN.US', 'APH.US', 'ASML.US', 'BA.US', 'BRK.B.US', 'CCJ.US', 'CEG.US', 'CIFR.US', 'COPX.US', 'GLDM.US', 'GOOGL.US', 'IGV.US', 'LLY.US', 'MELI.US', 'META.US', 'MSFT.US', 'NOW.US', 'PG.US', 'SOFI.US', 'TSM.US', 'UBER.US', 'USAR.US', 'VRTX.US', 'WEAT.US']
   • AAPL.US успешно актуализирован: 297.44
   • AMD.US успешно актуализирован: 423.50
   • AMZN.US успешно актуализирован: 264.85
   • APH.US успешно актуализирован: 122.32
   • ASML.US успешно актуализирован: 1477.02
   • BA.US успешно актуализирован: 220.42
   • BRK.B.US успешно актуализирован: 487.19
   • CCJ.US успешно актуализирован: 105.30
   • CEG.US успешно актуализирован: 263.00
   • CIFR.US успешно актуализирован: 19.11
   • COPX.US успешно актуализирован: 82.33
   • GLDM.US успешно актуализирован: 90.50
   • GOOGL.US успешно актуализирован: 399.00
   • IGV.US успешно актуализирован: 93.29
   • LLY.US успешно актуализирован: 989.70
   • MELI.US успешно актуализирован: 1586.00
   • META.US успешно актуализирован: 611.76
   • MSFT.US успешно актуализирован: 423.40
   • NOW.US успешно актуализирован: 105.25
   • PG.US успешно актуализирован: 142.47
   • SOFI.US успешно актуализирован: 15.74
   • TSM.US успешно актуализирован: 397.01
   • UBER.US успешно актуализирован: 75.10
   • USAR.US успешно актуализирован: 21.41
   • VRTX.US успешно актуализирован: 436.58
   • WEAT.US успешно актуализирован: 25.10

⚡ [23:55:48] Прямой запуск обновления котировок акций...
💼 [Cron]: Обновляю 26 бумаг у брокера Freedom Broker (ID: 1)
📡 [REST FB]: Запрос котировок getStockQuotesJson для: ['LLY.US', 'MELI.US', 'META.US', 'MSFT.US', 'NOW.US', 'PG.US', 'SOFI.US', 'TSM.US', 'UBER.US', 'USAR.US', 'VRTX.US', 'WEAT.US', 'AAPL.US', 'AMD.US', 'AMZN.US', 'APH.US', 'ASML.US', 'BA.US', 'BRK.B.US', 'CCJ.US', 'CEG.US', 'CIFR.US', 'COPX.US', 'GLDM.US', 'GOOGL.US', 'IGV.US']
   • AAPL.US успешно актуализирован: 297.29
   • AMD.US успешно актуализирован: 422.20
   • AMZN.US успешно актуализирован: 264.86
   • APH.US успешно актуализирован: 122.32
   • ASML.US успешно актуализирован: 1477.44
   • BA.US успешно актуализирован: 220.31
   • BRK.B.US успешно актуализирован: 487.16
   • CCJ.US успешно актуализирован: 105.35
   • CEG.US успешно актуализирован: 263.00
   • CIFR.US успешно актуализирован: 19.18
   • COPX.US успешно актуализирован: 82.10
   • GLDM.US успешно актуализирован: 90.50
   • GOOGL.US успешно актуализирован: 398.50
   • IGV.US успешно актуализирован: 93.29
   • LLY.US успешно актуализирован: 989.84
   • MELI.US успешно актуализирован: 1586.00
   • META.US успешно актуализирован: 610.72
   • MSFT.US успешно актуализирован: 423.22
   • NOW.US успешно актуализирован: 105.85
   • PG.US успешно актуализирован: 142.38
   • SOFI.US успешно актуализирован: 15.74
   • TSM.US успешно актуализирован: 396.50
   • UBER.US успешно актуализирован: 75.08
   • USAR.US успешно актуализирован: 21.38
   • VRTX.US успешно актуализирован: 436.58
   • WEAT.US успешно актуализирован: 25.10

⚡ [00:09:57] Прямой запуск обновления курсов валют...
📡 [Yahoo Forex]: Сбор уникальных валют из СУБД...
📊 [Yahoo Forex]: Запуск обновления для пар к USD: ['GBP']
   • Обновляю курс GBP -> USD... ✅ 1.3428
🏁 [Yahoo Forex]: Синхронизация валютных курсов завершена.

⚡ [00:10:50] Прямой запуск обновления котировок акций...
💼 [Cron]: Обновляю 26 бумаг у брокера Freedom Broker (ID: 1)
📡 [REST FB]: Запрос котировок getStockQuotesJson для: ['AAPL.US', 'AMD.US', 'AMZN.US', 'APH.US', 'ASML.US', 'BA.US', 'BRK.B.US', 'CCJ.US', 'CEG.US', 'CIFR.US', 'COPX.US', 'GLDM.US', 'GOOGL.US', 'IGV.US', 'LLY.US', 'MELI.US', 'META.US', 'MSFT.US', 'NOW.US', 'PG.US', 'SOFI.US', 'TSM.US', 'UBER.US', 'USAR.US', 'VRTX.US', 'WEAT.US']
   • AAPL.US успешно актуализирован: 297.49
   • AMD.US успешно актуализирован: 422.56
   • AMZN.US успешно актуализирован: 264.84
   • APH.US успешно актуализирован: 122.00
   • ASML.US успешно актуализирован: 1477.44
   • BA.US успешно актуализирован: 220.31
   • BRK.B.US успешно актуализирован: 487.06
   • CCJ.US успешно актуализирован: 105.38
   • CEG.US успешно актуализирован: 263.00
   • CIFR.US успешно актуализирован: 19.15
   • COPX.US успешно актуализирован: 82.10
   • GLDM.US успешно актуализирован: 90.50
   • GOOGL.US успешно актуализирован: 398.80
   • IGV.US успешно актуализирован: 93.29
   • LLY.US успешно актуализирован: 989.84
   • MELI.US успешно актуализирован: 1586.00
   • META.US успешно актуализирован: 610.73
   • MSFT.US успешно актуализирован: 423.20
   • NOW.US успешно актуализирован: 105.45
   • PG.US успешно актуализирован: 142.48
   • SOFI.US успешно актуализирован: 15.72
   • TSM.US успешно актуализирован: 396.31
   • UBER.US успешно актуализирован: 75.08
   • USAR.US успешно актуализирован: 21.38
   • VRTX.US успешно актуализирован: 436.58
   • WEAT.US успешно актуализирован: 25.10
🟢 [WS DLM ТОРГОВЫЙ]: Изменение портфеля! Вызов sync_manager...
🚀 [WS DLM ТОРГОВЫЙ]: База данных актуализирована по портфелю.
🟢 [WS EAM ТОРГОВЫЙ]: Изменение портфеля! Вызов sync_manager...
🚀 [WS EAM ТОРГОВЫЙ]: База данных актуализирована по портфелю.
🟢 [WS EAM ТОРГОВЫЙ]: Изменение портфеля! Вызов sync_manager...
🚀 [WS EAM ТОРГОВЫЙ]: База данных актуализирована по портфелю.

⚡ [00:25:52] Прямой запуск обновления котировок акций...
💼 [Cron]: Обновляю 26 бумаг у брокера Freedom Broker (ID: 1)
📡 [REST FB]: Запрос котировок getStockQuotesJson для: ['CCJ.US', 'CEG.US', 'CIFR.US', 'COPX.US', 'GLDM.US', 'GOOGL.US', 'IGV.US', 'LLY.US', 'MELI.US', 'META.US', 'MSFT.US', 'NOW.US', 'PG.US', 'SOFI.US', 'TSM.US', 'UBER.US', 'USAR.US', 'VRTX.US', 'WEAT.US', 'AAPL.US', 'AMD.US', 'AMZN.US', 'APH.US', 'ASML.US', 'BA.US', 'BRK.B.US']
   • AAPL.US успешно актуализирован: 297.49
   • AMD.US успешно актуализирован: 422.56
   • AMZN.US успешно актуализирован: 264.84
   • APH.US успешно актуализирован: 122.00
   • ASML.US успешно актуализирован: 1477.44
   • BA.US успешно актуализирован: 220.31
   • BRK.B.US успешно актуализирован: 487.06
   • CCJ.US успешно актуализирован: 105.38
   • CEG.US успешно актуализирован: 263.00
   • CIFR.US успешно актуализирован: 19.15
   • COPX.US успешно актуализирован: 82.10
   • GLDM.US успешно актуализирован: 90.50
   • GOOGL.US успешно актуализирован: 398.80
   • IGV.US успешно актуализирован: 93.29
   • LLY.US успешно актуализирован: 989.84
   • MELI.US успешно актуализирован: 1586.00
   • META.US успешно актуализирован: 610.73
   • MSFT.US успешно актуализирован: 423.20
   • NOW.US успешно актуализирован: 105.45
   • PG.US успешно актуализирован: 142.48
   • SOFI.US успешно актуализирован: 15.72
   • TSM.US успешно актуализирован: 396.31
   • UBER.US успешно актуализирован: 75.08
   • USAR.US успешно актуализирован: 21.38
   • VRTX.US успешно актуализирован: 436.58
   • WEAT.US успешно актуализирован: 25.10
🟢 [WS EAM ТОРГОВЫЙ]: Изменение портфеля! Вызов sync_manager...
🚀 [WS EAM ТОРГОВЫЙ]: База данных актуализирована по портфелю.
🟢 [WS EAM ТОРГОВЫЙ]: Изменение портфеля! Вызов sync_manager...
🚀 [WS EAM ТОРГОВЫЙ]: База данных актуализирована по портфелю.
🟢 [WS EAM ТОРГОВЫЙ]: Изменение портфеля! Вызов sync_manager...
🚀 [WS EAM ТОРГОВЫЙ]: База данных актуализирована по портфелю.
🟢 [WS EAM ТОРГОВЫЙ]: Изменение портфеля! Вызов sync_manager...
🚀 [WS EAM ТОРГОВЫЙ]: База данных актуализирована по портфелю.
🟢 [WS EAM ТОРГОВЫЙ]: Изменение портфеля! Вызов sync_manager...
🚀 [WS EAM ТОРГОВЫЙ]: База данных актуализирована по портфелю.
🟢 [WS DLM ТОРГОВЫЙ]: Изменение портфеля! Вызов sync_manager...
🚀 [WS DLM ТОРГОВЫЙ]: База данных актуализирована по портфелю.
🟢 [WS EAM ТОРГОВЫЙ]: Изменение портфеля! Вызов sync_manager...
🚀 [WS EAM ТОРГОВЫЙ]: База данных актуализирована по портфелю.
🟢 [WS EAM ТОРГОВЫЙ]: Изменение портфеля! Вызов sync_manager...
🚀 [WS EAM ТОРГОВЫЙ]: База данных актуализирована по портфелю.

⚡ [00:40:54] Прямой запуск обновления котировок акций...
💼 [Cron]: Обновляю 26 бумаг у брокера Freedom Broker (ID: 1)
📡 [REST FB]: Запрос котировок getStockQuotesJson для: ['AAPL.US', 'AMD.US', 'AMZN.US', 'APH.US', 'ASML.US', 'BA.US', 'BRK.B.US', 'CCJ.US', 'CEG.US', 'CIFR.US', 'COPX.US', 'GLDM.US', 'GOOGL.US', 'IGV.US', 'LLY.US', 'MELI.US', 'META.US', 'MSFT.US', 'NOW.US', 'PG.US', 'SOFI.US', 'TSM.US', 'UBER.US', 'USAR.US', 'VRTX.US', 'WEAT.US']
   • AAPL.US успешно актуализирован: 297.49
   • AMD.US успешно актуализирован: 422.56
   • AMZN.US успешно актуализирован: 264.84
   • APH.US успешно актуализирован: 122.00
   • ASML.US успешно актуализирован: 1477.44
   • BA.US успешно актуализирован: 220.31
   • BRK.B.US успешно актуализирован: 487.06
   • CCJ.US успешно актуализирован: 105.38
   • CEG.US успешно актуализирован: 263.00
   • CIFR.US успешно актуализирован: 19.15
   • COPX.US успешно актуализирован: 82.10
   • GLDM.US успешно актуализирован: 90.50
   • GOOGL.US успешно актуализирован: 398.80
   • IGV.US успешно актуализирован: 93.29
   • LLY.US успешно актуализирован: 989.84
   • MELI.US успешно актуализирован: 1586.00
   • META.US успешно актуализирован: 610.73
   • MSFT.US успешно актуализирован: 423.20
   • NOW.US успешно актуализирован: 105.45
   • PG.US успешно актуализирован: 142.48
   • SOFI.US успешно актуализирован: 15.72
   • TSM.US успешно актуализирован: 396.31
   • UBER.US успешно актуализирован: 75.08
   • USAR.US успешно актуализирован: 21.38
   • VRTX.US успешно актуализирован: 436.58
   • WEAT.US успешно актуализирован: 25.10
🟢 [WS EAM ТОРГОВЫЙ]: Изменение портфеля! Вызов sync_manager...
🟢 [WS DLM ТОРГОВЫЙ]: Изменение портфеля! Вызов sync_manager...
🚀 [WS DLM ТОРГОВЫЙ]: База данных актуализирована по портфелю.
🚀 [WS EAM ТОРГОВЫЙ]: База данных актуализирована по портфелю.
🟢 [WS DLM ТОРГОВЫЙ]: Изменение портфеля! Вызов sync_manager...
🚀 [WS DLM ТОРГОВЫЙ]: База данных актуализирована по портфелю.
🟢 [WS DLM ТОРГОВЫЙ]: Изменение портфеля! Вызов sync_manager...
🚀 [WS DLM ТОРГОВЫЙ]: База данных актуализирована по портфелю.
🟢 [WS DLM ТОРГОВЫЙ]: Изменение портфеля! Вызов sync_manager...
🚀 [WS DLM ТОРГОВЫЙ]: База данных актуализирована по портфелю.
🟢 [WS DLM ТОРГОВЫЙ]: Изменение портфеля! Вызов sync_manager...
🚀 [WS DLM ТОРГОВЫЙ]: База данных актуализирована по портфелю.
🟢 [WS EAM ТОРГОВЫЙ]: Изменение портфеля! Вызов sync_manager...
🚀 [WS EAM ТОРГОВЫЙ]: База данных актуализирована по портфелю.
🟢 [WS EAM ТОРГОВЫЙ]: Изменение портфеля! Вызов sync_manager...
🚀 [WS EAM ТОРГОВЫЙ]: База данных актуализирована по портфелю.
🟢 [WS EAM ТОРГОВЫЙ]: Изменение портфеля! Вызов sync_manager...
🚀 [WS EAM ТОРГОВЫЙ]: База данных актуализирована по портфелю.
🟢 [WS DLM ТОРГОВЫЙ]: Изменение портфеля! Вызов sync_manager...
🚀 [WS DLM ТОРГОВЫЙ]: База данных актуализирована по портфелю.

⚡ [00:55:56] Прямой запуск обновления котировок акций...
💼 [Cron]: Обновляю 26 бумаг у брокера Freedom Broker (ID: 1)
📡 [REST FB]: Запрос котировок getStockQuotesJson для: ['AAPL.US', 'AMD.US', 'AMZN.US', 'APH.US', 'ASML.US', 'BA.US', 'BRK.B.US', 'CCJ.US', 'CEG.US', 'CIFR.US', 'COPX.US', 'GLDM.US', 'GOOGL.US', 'IGV.US', 'LLY.US', 'MELI.US', 'META.US', 'MSFT.US', 'NOW.US', 'PG.US', 'SOFI.US', 'TSM.US', 'UBER.US', 'USAR.US', 'VRTX.US', 'WEAT.US']
   • AAPL.US успешно актуализирован: 297.49
   • AMD.US успешно актуализирован: 422.56
   • AMZN.US успешно актуализирован: 264.84
   • APH.US успешно актуализирован: 122.00
   • ASML.US успешно актуализирован: 1477.44
   • BA.US успешно актуализирован: 220.31
   • BRK.B.US успешно актуализирован: 487.06
   • CCJ.US успешно актуализирован: 105.38
   • CEG.US успешно актуализирован: 263.00
   • CIFR.US успешно актуализирован: 19.15
   • COPX.US успешно актуализирован: 82.10
   • GLDM.US успешно актуализирован: 90.50
   • GOOGL.US успешно актуализирован: 398.80
   • IGV.US успешно актуализирован: 93.29
   • LLY.US успешно актуализирован: 989.84
   • MELI.US успешно актуализирован: 1586.00
   • META.US успешно актуализирован: 610.73
   • MSFT.US успешно актуализирован: 423.20
   • NOW.US успешно актуализирован: 105.45
   • PG.US успешно актуализирован: 142.48
   • SOFI.US успешно актуализирован: 15.72
   • TSM.US успешно актуализирован: 396.31
   • UBER.US успешно актуализирован: 75.08
   • USAR.US успешно актуализирован: 21.38
   • VRTX.US успешно актуализирован: 436.58
   • WEAT.US успешно актуализирован: 25.10

⚡ [01:10:58] Прямой запуск обновления котировок акций...
💼 [Cron]: Обновляю 26 бумаг у брокера Freedom Broker (ID: 1)
📡 [REST FB]: Запрос котировок getStockQuotesJson для: ['PG.US', 'SOFI.US', 'TSM.US', 'UBER.US', 'USAR.US', 'VRTX.US', 'WEAT.US', 'AAPL.US', 'AMD.US', 'AMZN.US', 'APH.US', 'ASML.US', 'BA.US', 'BRK.B.US', 'CCJ.US', 'CEG.US', 'CIFR.US', 'COPX.US', 'GLDM.US', 'GOOGL.US', 'IGV.US', 'LLY.US', 'MELI.US', 'META.US', 'MSFT.US', 'NOW.US']
   • AAPL.US успешно актуализирован: 297.49
   • AMD.US успешно актуализирован: 422.56
   • AMZN.US успешно актуализирован: 264.84
   • APH.US успешно актуализирован: 122.00
   • ASML.US успешно актуализирован: 1477.44
   • BA.US успешно актуализирован: 220.31
   • BRK.B.US успешно актуализирован: 487.06
   • CCJ.US успешно актуализирован: 105.38
   • CEG.US успешно актуализирован: 263.00
   • CIFR.US успешно актуализирован: 19.15
   • COPX.US успешно актуализирован: 82.10
   • GLDM.US успешно актуализирован: 90.50
   • GOOGL.US успешно актуализирован: 398.80
   • IGV.US успешно актуализирован: 93.29
   • LLY.US успешно актуализирован: 989.84
   • MELI.US успешно актуализирован: 1586.00
   • META.US успешно актуализирован: 610.73
   • MSFT.US успешно актуализирован: 423.20
   • NOW.US успешно актуализирован: 105.45
   • PG.US успешно актуализирован: 142.48
   • SOFI.US успешно актуализирован: 15.72
   • TSM.US успешно актуализирован: 396.31
   • UBER.US успешно актуализирован: 75.08
   • USAR.US успешно актуализирован: 21.38
   • VRTX.US успешно актуализирован: 436.58
   • WEAT.US успешно актуализирован: 25.10

⚡ [01:26:00] Прямой запуск обновления котировок акций...
💼 [Cron]: Обновляю 26 бумаг у брокера Freedom Broker (ID: 1)
📡 [REST FB]: Запрос котировок getStockQuotesJson для: ['AAPL.US', 'AMD.US', 'AMZN.US', 'APH.US', 'ASML.US', 'BA.US', 'BRK.B.US', 'CCJ.US', 'CEG.US', 'CIFR.US', 'COPX.US', 'GLDM.US', 'GOOGL.US', 'IGV.US', 'LLY.US', 'MELI.US', 'META.US', 'MSFT.US', 'NOW.US', 'PG.US', 'SOFI.US', 'TSM.US', 'UBER.US', 'USAR.US', 'VRTX.US', 'WEAT.US']
   • AAPL.US успешно актуализирован: 297.49
   • AMD.US успешно актуализирован: 422.56
   • AMZN.US успешно актуализирован: 264.84
   • APH.US успешно актуализирован: 122.00
   • ASML.US успешно актуализирован: 1477.44
   • BA.US успешно актуализирован: 220.31
   • BRK.B.US успешно актуализирован: 487.06
   • CCJ.US успешно актуализирован: 105.38
   • CEG.US успешно актуализирован: 263.00
   • CIFR.US успешно актуализирован: 19.15
   • COPX.US успешно актуализирован: 82.10
   • GLDM.US успешно актуализирован: 90.50
   • GOOGL.US успешно актуализирован: 398.80
   • IGV.US успешно актуализирован: 93.29
   • LLY.US успешно актуализирован: 989.84
   • MELI.US успешно актуализирован: 1586.00
   • META.US успешно актуализирован: 610.73
   • MSFT.US успешно актуализирован: 423.20
   • NOW.US успешно актуализирован: 105.45
   • PG.US успешно актуализирован: 142.48
   • SOFI.US успешно актуализирован: 15.72
   • TSM.US успешно актуализирован: 396.31
   • UBER.US успешно актуализирован: 75.08
   • USAR.US успешно актуализирован: 21.38
   • VRTX.US успешно актуализирован: 436.58
   • WEAT.US успешно актуализирован: 25.10

⚡ [01:41:03] Прямой запуск обновления котировок акций...
💼 [Cron]: Обновляю 26 бумаг у брокера Freedom Broker (ID: 1)
📡 [REST FB]: Запрос котировок getStockQuotesJson для: ['GOOGL.US', 'IGV.US', 'LLY.US', 'MELI.US', 'META.US', 'MSFT.US', 'NOW.US', 'PG.US', 'SOFI.US', 'TSM.US', 'UBER.US', 'USAR.US', 'VRTX.US', 'WEAT.US', 'AAPL.US', 'AMD.US', 'AMZN.US', 'APH.US', 'ASML.US', 'BA.US', 'BRK.B.US', 'CCJ.US', 'CEG.US', 'CIFR.US', 'COPX.US', 'GLDM.US']
   • AAPL.US успешно актуализирован: 297.49
   • AMD.US успешно актуализирован: 422.56
   • AMZN.US успешно актуализирован: 264.84
   • APH.US успешно актуализирован: 122.00
   • ASML.US успешно актуализирован: 1477.44
   • BA.US успешно актуализирован: 220.31
   • BRK.B.US успешно актуализирован: 487.06
   • CCJ.US успешно актуализирован: 105.38
   • CEG.US успешно актуализирован: 263.00
   • CIFR.US успешно актуализирован: 19.15
   • COPX.US успешно актуализирован: 82.10
   • GLDM.US успешно актуализирован: 90.50
   • GOOGL.US успешно актуализирован: 398.80
   • IGV.US успешно актуализирован: 93.29
   • LLY.US успешно актуализирован: 989.84
   • MELI.US успешно актуализирован: 1586.00
   • META.US успешно актуализирован: 610.73
   • MSFT.US успешно актуализирован: 423.20
   • NOW.US успешно актуализирован: 105.45
   • PG.US успешно актуализирован: 142.48
   • SOFI.US успешно актуализирован: 15.72
   • TSM.US успешно актуализирован: 396.31
   • UBER.US успешно актуализирован: 75.08
   • USAR.US успешно актуализирован: 21.38
   • VRTX.US успешно актуализирован: 436.58
   • WEAT.US успешно актуализирован: 25.10

⚡ [01:56:05] Прямой запуск обновления котировок акций...
💼 [Cron]: Обновляю 26 бумаг у брокера Freedom Broker (ID: 1)
📡 [REST FB]: Запрос котировок getStockQuotesJson для: ['AAPL.US', 'AMD.US', 'AMZN.US', 'APH.US', 'ASML.US', 'BA.US', 'BRK.B.US', 'CCJ.US', 'CEG.US', 'CIFR.US', 'COPX.US', 'GLDM.US', 'GOOGL.US', 'IGV.US', 'LLY.US', 'MELI.US', 'META.US', 'MSFT.US', 'NOW.US', 'PG.US', 'SOFI.US', 'TSM.US', 'UBER.US', 'USAR.US', 'VRTX.US', 'WEAT.US']
   • AAPL.US успешно актуализирован: 297.49
   • AMD.US успешно актуализирован: 422.56
   • AMZN.US успешно актуализирован: 264.84
   • APH.US успешно актуализирован: 122.00
   • ASML.US успешно актуализирован: 1477.44
   • BA.US успешно актуализирован: 220.31
   • BRK.B.US успешно актуализирован: 487.06
   • CCJ.US успешно актуализирован: 105.38
   • CEG.US успешно актуализирован: 263.00
   • CIFR.US успешно актуализирован: 19.15
   • COPX.US успешно актуализирован: 82.10
   • GLDM.US успешно актуализирован: 90.50
   • GOOGL.US успешно актуализирован: 398.80
   • IGV.US успешно актуализирован: 93.29
   • LLY.US успешно актуализирован: 989.84
   • MELI.US успешно актуализирован: 1586.00
   • META.US успешно актуализирован: 610.73
   • MSFT.US успешно актуализирован: 423.20
   • NOW.US успешно актуализирован: 105.45
   • PG.US успешно актуализирован: 142.48
   • SOFI.US успешно актуализирован: 15.72
   • TSM.US успешно актуализирован: 396.31
   • UBER.US успешно актуализирован: 75.08
   • USAR.US успешно актуализирован: 21.38
   • VRTX.US успешно актуализирован: 436.58
   • WEAT.US успешно актуализирован: 25.10

⚡ [02:09:58] Прямой запуск обновления курсов валют...
📡 [Yahoo Forex]: Сбор уникальных валют из СУБД...
📊 [Yahoo Forex]: Запуск обновления для пар к USD: ['GBP']
   • Обновляю курс GBP -> USD... ✅ 1.3411
🏁 [Yahoo Forex]: Синхронизация валютных курсов завершена.

⚡ [02:11:07] Прямой запуск обновления котировок акций...
💼 [Cron]: Обновляю 26 бумаг у брокера Freedom Broker (ID: 1)
📡 [REST FB]: Запрос котировок getStockQuotesJson для: ['BA.US', 'BRK.B.US', 'CCJ.US', 'CEG.US', 'CIFR.US', 'COPX.US', 'GLDM.US', 'GOOGL.US', 'IGV.US', 'LLY.US', 'MELI.US', 'META.US', 'MSFT.US', 'NOW.US', 'PG.US', 'SOFI.US', 'TSM.US', 'UBER.US', 'USAR.US', 'VRTX.US', 'WEAT.US', 'AAPL.US', 'AMD.US', 'AMZN.US', 'APH.US', 'ASML.US']
   • AAPL.US успешно актуализирован: 297.49
   • AMD.US успешно актуализирован: 422.56
   • AMZN.US успешно актуализирован: 264.84
   • APH.US успешно актуализирован: 122.00
   • ASML.US успешно актуализирован: 1477.44
   • BA.US успешно актуализирован: 220.31
   • BRK.B.US успешно актуализирован: 487.06
   • CCJ.US успешно актуализирован: 105.38
   • CEG.US успешно актуализирован: 263.00
   • CIFR.US успешно актуализирован: 19.15
   • COPX.US успешно актуализирован: 82.10
   • GLDM.US успешно актуализирован: 90.50
   • GOOGL.US успешно актуализирован: 398.80
   • IGV.US успешно актуализирован: 93.29
   • LLY.US успешно актуализирован: 989.84
   • MELI.US успешно актуализирован: 1586.00
   • META.US успешно актуализирован: 610.73
   • MSFT.US успешно актуализирован: 423.20
   • NOW.US успешно актуализирован: 105.45
   • PG.US успешно актуализирован: 142.48
   • SOFI.US успешно актуализирован: 15.72
   • TSM.US успешно актуализирован: 396.31
   • UBER.US успешно актуализирован: 75.08
   • USAR.US успешно актуализирован: 21.38
   • VRTX.US успешно актуализирован: 436.58
   • WEAT.US успешно актуализирован: 25.10

⚡ [02:26:09] Прямой запуск обновления котировок акций...
💼 [Cron]: Обновляю 26 бумаг у брокера Freedom Broker (ID: 1)
📡 [REST FB]: Запрос котировок getStockQuotesJson для: ['VRTX.US', 'WEAT.US', 'AAPL.US', 'AMD.US', 'AMZN.US', 'APH.US', 'ASML.US', 'BA.US', 'BRK.B.US', 'CCJ.US', 'CEG.US', 'CIFR.US', 'COPX.US', 'GLDM.US', 'GOOGL.US', 'IGV.US', 'LLY.US', 'MELI.US', 'META.US', 'MSFT.US', 'NOW.US', 'PG.US', 'SOFI.US', 'TSM.US', 'UBER.US', 'USAR.US']
   • AAPL.US успешно актуализирован: 297.49
   • AMD.US успешно актуализирован: 422.56
   • AMZN.US успешно актуализирован: 264.84
   • APH.US успешно актуализирован: 122.00
   • ASML.US успешно актуализирован: 1477.44
   • BA.US успешно актуализирован: 220.31
   • BRK.B.US успешно актуализирован: 487.06
   • CCJ.US успешно актуализирован: 105.38
   • CEG.US успешно актуализирован: 263.00
   • CIFR.US успешно актуализирован: 19.15
   • COPX.US успешно актуализирован: 82.10
   • GLDM.US успешно актуализирован: 90.50
   • GOOGL.US успешно актуализирован: 398.80
   • IGV.US успешно актуализирован: 93.29
   • LLY.US успешно актуализирован: 989.84
   • MELI.US успешно актуализирован: 1586.00
   • META.US успешно актуализирован: 610.73
   • MSFT.US успешно актуализирован: 423.20
   • NOW.US успешно актуализирован: 105.45
   • PG.US успешно актуализирован: 142.48
   • SOFI.US успешно актуализирован: 15.72
   • TSM.US успешно актуализирован: 396.31
   • UBER.US успешно актуализирован: 75.08
   • USAR.US успешно актуализирован: 21.38
   • VRTX.US успешно актуализирован: 436.58
   • WEAT.US успешно актуализирован: 25.10

⚡ [02:41:11] Прямой запуск обновления котировок акций...
💼 [Cron]: Обновляю 26 бумаг у брокера Freedom Broker (ID: 1)
📡 [REST FB]: Запрос котировок getStockQuotesJson для: ['AAPL.US', 'AMD.US', 'AMZN.US', 'APH.US', 'ASML.US', 'BA.US', 'BRK.B.US', 'CCJ.US', 'CEG.US', 'CIFR.US', 'COPX.US', 'GLDM.US', 'GOOGL.US', 'IGV.US', 'LLY.US', 'MELI.US', 'META.US', 'MSFT.US', 'NOW.US', 'PG.US', 'SOFI.US', 'TSM.US', 'UBER.US', 'USAR.US', 'VRTX.US', 'WEAT.US']
   • AAPL.US успешно актуализирован: 297.49
   • AMD.US успешно актуализирован: 422.56
   • AMZN.US успешно актуализирован: 264.84
   • APH.US успешно актуализирован: 122.00
   • ASML.US успешно актуализирован: 1477.44
   • BA.US успешно актуализирован: 220.31
   • BRK.B.US успешно актуализирован: 487.06
   • CCJ.US успешно актуализирован: 105.38
   • CEG.US успешно актуализирован: 263.00
   • CIFR.US успешно актуализирован: 19.15
   • COPX.US успешно актуализирован: 82.10
   • GLDM.US успешно актуализирован: 90.50
   • GOOGL.US успешно актуализирован: 398.80
   • IGV.US успешно актуализирован: 93.29
   • LLY.US успешно актуализирован: 989.84
   • MELI.US успешно актуализирован: 1586.00
   • META.US успешно актуализирован: 610.73
   • MSFT.US успешно актуализирован: 423.20
   • NOW.US успешно актуализирован: 105.45
   • PG.US успешно актуализирован: 142.48
   • SOFI.US успешно актуализирован: 15.72
   • TSM.US успешно актуализирован: 396.31
   • UBER.US успешно актуализирован: 75.08
   • USAR.US успешно актуализирован: 21.38
   • VRTX.US успешно актуализирован: 436.58
   • WEAT.US успешно актуализирован: 25.10

⚡ [02:56:13] Прямой запуск обновления котировок акций...
💼 [Cron]: Обновляю 26 бумаг у брокера Freedom Broker (ID: 1)
📡 [REST FB]: Запрос котировок getStockQuotesJson для: ['MSFT.US', 'NOW.US', 'PG.US', 'SOFI.US', 'TSM.US', 'UBER.US', 'USAR.US', 'VRTX.US', 'WEAT.US', 'AAPL.US', 'AMD.US', 'AMZN.US', 'APH.US', 'ASML.US', 'BA.US', 'BRK.B.US', 'CCJ.US', 'CEG.US', 'CIFR.US', 'COPX.US', 'GLDM.US', 'GOOGL.US', 'IGV.US', 'LLY.US', 'MELI.US', 'META.US']
   • AAPL.US успешно актуализирован: 297.49
   • AMD.US успешно актуализирован: 422.56
   • AMZN.US успешно актуализирован: 264.84
   • APH.US успешно актуализирован: 122.00
   • ASML.US успешно актуализирован: 1477.44
   • BA.US успешно актуализирован: 220.31
   • BRK.B.US успешно актуализирован: 487.06
   • CCJ.US успешно актуализирован: 105.38
   • CEG.US успешно актуализирован: 263.00
   • CIFR.US успешно актуализирован: 19.15
   • COPX.US успешно актуализирован: 82.10
   • GLDM.US успешно актуализирован: 90.50
   • GOOGL.US успешно актуализирован: 398.80
   • IGV.US успешно актуализирован: 93.29
   • LLY.US успешно актуализирован: 989.84
   • MELI.US успешно актуализирован: 1586.00
   • META.US успешно актуализирован: 610.73
   • MSFT.US успешно актуализирован: 423.20
   • NOW.US успешно актуализирован: 105.45
   • PG.US успешно актуализирован: 142.48
   • SOFI.US успешно актуализирован: 15.72
   • TSM.US успешно актуализирован: 396.31
   • UBER.US успешно актуализирован: 75.08
   • USAR.US успешно актуализирован: 21.38
   • VRTX.US успешно актуализирован: 436.58
   • WEAT.US успешно актуализирован: 25.10

⚡ [03:11:15] Прямой запуск обновления котировок акций...
💼 [Cron]: Обновляю 26 бумаг у брокера Freedom Broker (ID: 1)
📡 [REST FB]: Запрос котировок getStockQuotesJson для: ['AAPL.US', 'AMD.US', 'AMZN.US', 'APH.US', 'ASML.US', 'BA.US', 'BRK.B.US', 'CCJ.US', 'CEG.US', 'CIFR.US', 'COPX.US', 'GLDM.US', 'GOOGL.US', 'IGV.US', 'LLY.US', 'MELI.US', 'META.US', 'MSFT.US', 'NOW.US', 'PG.US', 'SOFI.US', 'TSM.US', 'UBER.US', 'USAR.US', 'VRTX.US', 'WEAT.US']
   • AAPL.US успешно актуализирован: 297.49
   • AMD.US успешно актуализирован: 422.56
   • AMZN.US успешно актуализирован: 264.84
   • APH.US успешно актуализирован: 122.00
   • ASML.US успешно актуализирован: 1477.44
   • BA.US успешно актуализирован: 220.31
   • BRK.B.US успешно актуализирован: 487.06
   • CCJ.US успешно актуализирован: 105.38
   • CEG.US успешно актуализирован: 263.00
   • CIFR.US успешно актуализирован: 19.15
   • COPX.US успешно актуализирован: 82.10
   • GLDM.US успешно актуализирован: 90.50
   • GOOGL.US успешно актуализирован: 398.80
   • IGV.US успешно актуализирован: 93.29
   • LLY.US успешно актуализирован: 989.84
   • MELI.US успешно актуализирован: 1586.00
   • META.US успешно актуализирован: 610.73
   • MSFT.US успешно актуализирован: 423.20
   • NOW.US успешно актуализирован: 105.45
   • PG.US успешно актуализирован: 142.48
   • SOFI.US успешно актуализирован: 15.72
   • TSM.US успешно актуализирован: 396.31
   • UBER.US успешно актуализирован: 75.08
   • USAR.US успешно актуализирован: 21.38
   • VRTX.US успешно актуализирован: 436.58
   • WEAT.US успешно актуализирован: 25.10

⚡ [03:26:17] Прямой запуск обновления котировок акций...
💼 [Cron]: Обновляю 26 бумаг у брокера Freedom Broker (ID: 1)
📡 [REST FB]: Запрос котировок getStockQuotesJson для: ['COPX.US', 'GLDM.US', 'GOOGL.US', 'IGV.US', 'LLY.US', 'MELI.US', 'META.US', 'MSFT.US', 'NOW.US', 'PG.US', 'SOFI.US', 'TSM.US', 'UBER.US', 'USAR.US', 'VRTX.US', 'WEAT.US', 'AAPL.US', 'AMD.US', 'AMZN.US', 'APH.US', 'ASML.US', 'BA.US', 'BRK.B.US', 'CCJ.US', 'CEG.US', 'CIFR.US']
   • AAPL.US успешно актуализирован: 297.49
   • AMD.US успешно актуализирован: 422.56
   • AMZN.US успешно актуализирован: 264.84
   • APH.US успешно актуализирован: 122.00
   • ASML.US успешно актуализирован: 1477.44
   • BA.US успешно актуализирован: 220.31
   • BRK.B.US успешно актуализирован: 487.06
   • CCJ.US успешно актуализирован: 105.38
   • CEG.US успешно актуализирован: 263.00
   • CIFR.US успешно актуализирован: 19.15
   • COPX.US успешно актуализирован: 82.10
   • GLDM.US успешно актуализирован: 90.50
   • GOOGL.US успешно актуализирован: 398.80
   • IGV.US успешно актуализирован: 93.29
   • LLY.US успешно актуализирован: 989.84
   • MELI.US успешно актуализирован: 1586.00
   • META.US успешно актуализирован: 610.73
   • MSFT.US успешно актуализирован: 423.20
   • NOW.US успешно актуализирован: 105.45
   • PG.US успешно актуализирован: 142.48
   • SOFI.US успешно актуализирован: 15.72
   • TSM.US успешно актуализирован: 396.31
   • UBER.US успешно актуализирован: 75.08
   • USAR.US успешно актуализирован: 21.38
   • VRTX.US успешно актуализирован: 436.58
   • WEAT.US успешно актуализирован: 25.10

⚡ [03:41:19] Прямой запуск обновления котировок акций...
💼 [Cron]: Обновляю 26 бумаг у брокера Freedom Broker (ID: 1)
📡 [REST FB]: Запрос котировок getStockQuotesJson для: ['AAPL.US', 'AMD.US', 'AMZN.US', 'APH.US', 'ASML.US', 'BA.US', 'BRK.B.US', 'CCJ.US', 'CEG.US', 'CIFR.US', 'COPX.US', 'GLDM.US', 'GOOGL.US', 'IGV.US', 'LLY.US', 'MELI.US', 'META.US', 'MSFT.US', 'NOW.US', 'PG.US', 'SOFI.US', 'TSM.US', 'UBER.US', 'USAR.US', 'VRTX.US', 'WEAT.US']
   • AAPL.US успешно актуализирован: 297.49
   • AMD.US успешно актуализирован: 422.56
   • AMZN.US успешно актуализирован: 264.84
   • APH.US успешно актуализирован: 122.00
   • ASML.US успешно актуализирован: 1477.44
   • BA.US успешно актуализирован: 220.31
   • BRK.B.US успешно актуализирован: 487.06
   • CCJ.US успешно актуализирован: 105.38
   • CEG.US успешно актуализирован: 263.00
   • CIFR.US успешно актуализирован: 19.15
   • COPX.US успешно актуализирован: 82.10
   • GLDM.US успешно актуализирован: 90.50
   • GOOGL.US успешно актуализирован: 398.80
   • IGV.US успешно актуализирован: 93.29
   • LLY.US успешно актуализирован: 989.84
   • MELI.US успешно актуализирован: 1586.00
   • META.US успешно актуализирован: 610.73
   • MSFT.US успешно актуализирован: 423.20
   • NOW.US успешно актуализирован: 105.45
   • PG.US успешно актуализирован: 142.48
   • SOFI.US успешно актуализирован: 15.72
   • TSM.US успешно актуализирован: 396.31
   • UBER.US успешно актуализирован: 75.08
   • USAR.US успешно актуализирован: 21.38
   • VRTX.US успешно актуализирован: 436.58
   • WEAT.US успешно актуализирован: 25.10

⚡ [03:56:22] Прямой запуск обновления котировок акций...
💼 [Cron]: Обновляю 26 бумаг у брокера Freedom Broker (ID: 1)
📡 [REST FB]: Запрос котировок getStockQuotesJson для: ['APH.US', 'ASML.US', 'BA.US', 'BRK.B.US', 'CCJ.US', 'CEG.US', 'CIFR.US', 'COPX.US', 'GLDM.US', 'GOOGL.US', 'IGV.US', 'LLY.US', 'MELI.US', 'META.US', 'MSFT.US', 'NOW.US', 'PG.US', 'SOFI.US', 'TSM.US', 'UBER.US', 'USAR.US', 'VRTX.US', 'WEAT.US', 'AAPL.US', 'AMD.US', 'AMZN.US']
   • AAPL.US успешно актуализирован: 297.49
   • AMD.US успешно актуализирован: 422.56
   • AMZN.US успешно актуализирован: 264.84
   • APH.US успешно актуализирован: 122.00
   • ASML.US успешно актуализирован: 1477.44
   • BA.US успешно актуализирован: 220.31
   • BRK.B.US успешно актуализирован: 487.06
   • CCJ.US успешно актуализирован: 105.38
   • CEG.US успешно актуализирован: 263.00
   • CIFR.US успешно актуализирован: 19.15
   • COPX.US успешно актуализирован: 82.10
   • GLDM.US успешно актуализирован: 90.50
   • GOOGL.US успешно актуализирован: 398.80
   • IGV.US успешно актуализирован: 93.29
   • LLY.US успешно актуализирован: 989.84
   • MELI.US успешно актуализирован: 1586.00
   • META.US успешно актуализирован: 610.73
   • MSFT.US успешно актуализирован: 423.20
   • NOW.US успешно актуализирован: 105.45
   • PG.US успешно актуализирован: 142.48
   • SOFI.US успешно актуализирован: 15.72
   • TSM.US успешно актуализирован: 396.31
   • UBER.US успешно актуализирован: 75.08
   • USAR.US успешно актуализирован: 21.38
   • VRTX.US успешно актуализирован: 436.58
   • WEAT.US успешно актуализирован: 25.10

⚡ [04:09:59] Прямой запуск обновления курсов валют...
📡 [Yahoo Forex]: Сбор уникальных валют из СУБД...
📊 [Yahoo Forex]: Запуск обновления для пар к USD: ['GBP']
   • Обновляю курс GBP -> USD... ✅ 1.3414
🏁 [Yahoo Forex]: Синхронизация валютных курсов завершена.

⚡ [04:11:24] Прямой запуск обновления котировок акций...
💼 [Cron]: Обновляю 26 бумаг у брокера Freedom Broker (ID: 1)
📡 [REST FB]: Запрос котировок getStockQuotesJson для: ['UBER.US', 'USAR.US', 'VRTX.US', 'WEAT.US', 'AAPL.US', 'AMD.US', 'AMZN.US', 'APH.US', 'ASML.US', 'BA.US', 'BRK.B.US', 'CCJ.US', 'CEG.US', 'CIFR.US', 'COPX.US', 'GLDM.US', 'GOOGL.US', 'IGV.US', 'LLY.US', 'MELI.US', 'META.US', 'MSFT.US', 'NOW.US', 'PG.US', 'SOFI.US', 'TSM.US']
   • AAPL.US успешно актуализирован: 297.49
   • AMD.US успешно актуализирован: 422.56
   • AMZN.US успешно актуализирован: 264.84
   • APH.US успешно актуализирован: 122.00
   • ASML.US успешно актуализирован: 1477.44
   • BA.US успешно актуализирован: 220.31
   • BRK.B.US успешно актуализирован: 487.06
   • CCJ.US успешно актуализирован: 105.38
   • CEG.US успешно актуализирован: 263.00
   • CIFR.US успешно актуализирован: 19.15
   • COPX.US успешно актуализирован: 82.10
   • GLDM.US успешно актуализирован: 90.50
   • GOOGL.US успешно актуализирован: 398.80
   • IGV.US успешно актуализирован: 93.29
   • LLY.US успешно актуализирован: 989.84
   • MELI.US успешно актуализирован: 1586.00
   • META.US успешно актуализирован: 610.73
   • MSFT.US успешно актуализирован: 423.20
   • NOW.US успешно актуализирован: 105.45
   • PG.US успешно актуализирован: 142.48
   • SOFI.US успешно актуализирован: 15.72
   • TSM.US успешно актуализирован: 396.31
   • UBER.US успешно актуализирован: 75.08
   • USAR.US успешно актуализирован: 21.38
   • VRTX.US успешно актуализирован: 436.58
   • WEAT.US успешно актуализирован: 25.10

⚡ [04:26:26] Прямой запуск обновления котировок акций...
💼 [Cron]: Обновляю 26 бумаг у брокера Freedom Broker (ID: 1)
📡 [REST FB]: Запрос котировок getStockQuotesJson для: ['AAPL.US', 'AMD.US', 'AMZN.US', 'APH.US', 'ASML.US', 'BA.US', 'BRK.B.US', 'CCJ.US', 'CEG.US', 'CIFR.US', 'COPX.US', 'GLDM.US', 'GOOGL.US', 'IGV.US', 'LLY.US', 'MELI.US', 'META.US', 'MSFT.US', 'NOW.US', 'PG.US', 'SOFI.US', 'TSM.US', 'UBER.US', 'USAR.US', 'VRTX.US', 'WEAT.US']
   • AAPL.US успешно актуализирован: 297.49
   • AMD.US успешно актуализирован: 422.56
   • AMZN.US успешно актуализирован: 264.84
   • APH.US успешно актуализирован: 122.00
   • ASML.US успешно актуализирован: 1477.44
   • BA.US успешно актуализирован: 220.31
   • BRK.B.US успешно актуализирован: 487.06
   • CCJ.US успешно актуализирован: 105.38
   • CEG.US успешно актуализирован: 263.00
   • CIFR.US успешно актуализирован: 19.15
   • COPX.US успешно актуализирован: 82.10
   • GLDM.US успешно актуализирован: 90.50
   • GOOGL.US успешно актуализирован: 398.80
   • IGV.US успешно актуализирован: 93.29
   • LLY.US успешно актуализирован: 989.84
   • MELI.US успешно актуализирован: 1586.00
   • META.US успешно актуализирован: 610.73
   • MSFT.US успешно актуализирован: 423.20
   • NOW.US успешно актуализирован: 105.45
   • PG.US успешно актуализирован: 142.48
   • SOFI.US успешно актуализирован: 15.72
   • TSM.US успешно актуализирован: 396.31
   • UBER.US успешно актуализирован: 75.08
   • USAR.US успешно актуализирован: 21.38
   • VRTX.US успешно актуализирован: 436.58
   • WEAT.US успешно актуализирован: 25.10

⚡ [04:41:28] Прямой запуск обновления котировок акций...
💼 [Cron]: Обновляю 26 бумаг у брокера Freedom Broker (ID: 1)
📡 [REST FB]: Запрос котировок getStockQuotesJson для: ['MELI.US', 'META.US', 'MSFT.US', 'NOW.US', 'PG.US', 'SOFI.US', 'TSM.US', 'UBER.US', 'USAR.US', 'VRTX.US', 'WEAT.US', 'AAPL.US', 'AMD.US', 'AMZN.US', 'APH.US', 'ASML.US', 'BA.US', 'BRK.B.US', 'CCJ.US', 'CEG.US', 'CIFR.US', 'COPX.US', 'GLDM.US', 'GOOGL.US', 'IGV.US', 'LLY.US']
   • AAPL.US успешно актуализирован: 297.49
   • AMD.US успешно актуализирован: 422.56
   • AMZN.US успешно актуализирован: 264.84
   • APH.US успешно актуализирован: 122.00
   • ASML.US успешно актуализирован: 1477.44
   • BA.US успешно актуализирован: 220.31
   • BRK.B.US успешно актуализирован: 487.06
   • CCJ.US успешно актуализирован: 105.38
   • CEG.US успешно актуализирован: 263.00
   • CIFR.US успешно актуализирован: 19.15
   • COPX.US успешно актуализирован: 82.10
   • GLDM.US успешно актуализирован: 90.50
   • GOOGL.US успешно актуализирован: 398.80
   • IGV.US успешно актуализирован: 93.29
   • LLY.US успешно актуализирован: 989.84
   • MELI.US успешно актуализирован: 1586.00
   • META.US успешно актуализирован: 610.73
   • MSFT.US успешно актуализирован: 423.20
   • NOW.US успешно актуализирован: 105.45
   • PG.US успешно актуализирован: 142.48
   • SOFI.US успешно актуализирован: 15.72
   • TSM.US успешно актуализирован: 396.31
   • UBER.US успешно актуализирован: 75.08
   • USAR.US успешно актуализирован: 21.38
   • VRTX.US успешно актуализирован: 436.58
   • WEAT.US успешно актуализирован: 25.10

⚡ [04:56:30] Прямой запуск обновления котировок акций...
💼 [Cron]: Обновляю 26 бумаг у брокера Freedom Broker (ID: 1)
📡 [REST FB]: Запрос котировок getStockQuotesJson для: ['AAPL.US', 'AMD.US', 'AMZN.US', 'APH.US', 'ASML.US', 'BA.US', 'BRK.B.US', 'CCJ.US', 'CEG.US', 'CIFR.US', 'COPX.US', 'GLDM.US', 'GOOGL.US', 'IGV.US', 'LLY.US', 'MELI.US', 'META.US', 'MSFT.US', 'NOW.US', 'PG.US', 'SOFI.US', 'TSM.US', 'UBER.US', 'USAR.US', 'VRTX.US', 'WEAT.US']
   • AAPL.US успешно актуализирован: 297.49
   • AMD.US успешно актуализирован: 422.56
   • AMZN.US успешно актуализирован: 264.84
   • APH.US успешно актуализирован: 122.00
   • ASML.US успешно актуализирован: 1477.44
   • BA.US успешно актуализирован: 220.31
   • BRK.B.US успешно актуализирован: 487.06
   • CCJ.US успешно актуализирован: 105.38
   • CEG.US успешно актуализирован: 263.00
   • CIFR.US успешно актуализирован: 19.15
   • COPX.US успешно актуализирован: 82.10
   • GLDM.US успешно актуализирован: 90.50
   • GOOGL.US успешно актуализирован: 398.80
   • IGV.US успешно актуализирован: 93.29
   • LLY.US успешно актуализирован: 989.84
   • MELI.US успешно актуализирован: 1586.00
   • META.US успешно актуализирован: 610.73
   • MSFT.US успешно актуализирован: 423.20
   • NOW.US успешно актуализирован: 105.45
   • PG.US успешно актуализирован: 142.48
   • SOFI.US успешно актуализирован: 15.72
   • TSM.US успешно актуализирован: 396.31
   • UBER.US успешно актуализирован: 75.08
   • USAR.US успешно актуализирован: 21.38
   • VRTX.US успешно актуализирован: 436.58
   • WEAT.US успешно актуализирован: 25.10

⚡ [05:11:32] Прямой запуск обновления котировок акций...
💼 [Cron]: Обновляю 26 бумаг у брокера Freedom Broker (ID: 1)
📡 [REST FB]: Запрос котировок getStockQuotesJson для: ['CEG.US', 'CIFR.US', 'COPX.US', 'GLDM.US', 'GOOGL.US', 'IGV.US', 'LLY.US', 'MELI.US', 'META.US', 'MSFT.US', 'NOW.US', 'PG.US', 'SOFI.US', 'TSM.US', 'UBER.US', 'USAR.US', 'VRTX.US', 'WEAT.US', 'AAPL.US', 'AMD.US', 'AMZN.US', 'APH.US', 'ASML.US', 'BA.US', 'BRK.B.US', 'CCJ.US']
   • AAPL.US успешно актуализирован: 297.49
   • AMD.US успешно актуализирован: 422.56
   • AMZN.US успешно актуализирован: 264.84
   • APH.US успешно актуализирован: 122.00
   • ASML.US успешно актуализирован: 1477.44
   • BA.US успешно актуализирован: 220.31
   • BRK.B.US успешно актуализирован: 487.06
   • CCJ.US успешно актуализирован: 105.38
   • CEG.US успешно актуализирован: 263.00
   • CIFR.US успешно актуализирован: 19.15
   • COPX.US успешно актуализирован: 82.10
   • GLDM.US успешно актуализирован: 90.50
   • GOOGL.US успешно актуализирован: 398.80
   • IGV.US успешно актуализирован: 93.29
   • LLY.US успешно актуализирован: 989.84
   • MELI.US успешно актуализирован: 1586.00
   • META.US успешно актуализирован: 610.73
   • MSFT.US успешно актуализирован: 423.20
   • NOW.US успешно актуализирован: 105.45
   • PG.US успешно актуализирован: 142.48
   • SOFI.US успешно актуализирован: 15.72
   • TSM.US успешно актуализирован: 396.31
   • UBER.US успешно актуализирован: 75.08
   • USAR.US успешно актуализирован: 21.38
   • VRTX.US успешно актуализирован: 436.58
   • WEAT.US успешно актуализирован: 25.10

⚡ [05:26:34] Прямой запуск обновления котировок акций...
💼 [Cron]: Обновляю 26 бумаг у брокера Freedom Broker (ID: 1)
📡 [REST FB]: Запрос котировок getStockQuotesJson для: ['AAPL.US', 'AMD.US', 'AMZN.US', 'APH.US', 'ASML.US', 'BA.US', 'BRK.B.US', 'CCJ.US', 'CEG.US', 'CIFR.US', 'COPX.US', 'GLDM.US', 'GOOGL.US', 'IGV.US', 'LLY.US', 'MELI.US', 'META.US', 'MSFT.US', 'NOW.US', 'PG.US', 'SOFI.US', 'TSM.US', 'UBER.US', 'USAR.US', 'VRTX.US', 'WEAT.US']
   • AAPL.US успешно актуализирован: 297.49
   • AMD.US успешно актуализирован: 422.56
   • AMZN.US успешно актуализирован: 264.84
   • APH.US успешно актуализирован: 122.00
   • ASML.US успешно актуализирован: 1477.44
   • BA.US успешно актуализирован: 220.31
   • BRK.B.US успешно актуализирован: 487.06
   • CCJ.US успешно актуализирован: 105.38
   • CEG.US успешно актуализирован: 263.00
   • CIFR.US успешно актуализирован: 19.15
   • COPX.US успешно актуализирован: 82.10
   • GLDM.US успешно актуализирован: 90.50
   • GOOGL.US успешно актуализирован: 398.80
   • IGV.US успешно актуализирован: 93.29
   • LLY.US успешно актуализирован: 989.84
   • MELI.US успешно актуализирован: 1586.00
   • META.US успешно актуализирован: 610.73
   • MSFT.US успешно актуализирован: 423.20
   • NOW.US успешно актуализирован: 105.45
   • PG.US успешно актуализирован: 142.48
   • SOFI.US успешно актуализирован: 15.72
   • TSM.US успешно актуализирован: 396.31
   • UBER.US успешно актуализирован: 75.08
   • USAR.US успешно актуализирован: 21.38
   • VRTX.US успешно актуализирован: 436.58
   • WEAT.US успешно актуализирован: 25.10

⚡ [05:41:36] Прямой запуск обновления котировок акций...
💼 [Cron]: Обновляю 26 бумаг у брокера Freedom Broker (ID: 1)
📡 [REST FB]: Запрос котировок getStockQuotesJson для: ['AMD.US', 'AMZN.US', 'APH.US', 'ASML.US', 'BA.US', 'BRK.B.US', 'CCJ.US', 'CEG.US', 'CIFR.US', 'COPX.US', 'GLDM.US', 'GOOGL.US', 'IGV.US', 'LLY.US', 'MELI.US', 'META.US', 'MSFT.US', 'NOW.US', 'PG.US', 'SOFI.US', 'TSM.US', 'UBER.US', 'USAR.US', 'VRTX.US', 'WEAT.US', 'AAPL.US']
   • AAPL.US успешно актуализирован: 297.49
   • AMD.US успешно актуализирован: 422.56
   • AMZN.US успешно актуализирован: 264.84
   • APH.US успешно актуализирован: 122.00
   • ASML.US успешно актуализирован: 1477.44
   • BA.US успешно актуализирован: 220.31
   • BRK.B.US успешно актуализирован: 487.06
   • CCJ.US успешно актуализирован: 105.38
   • CEG.US успешно актуализирован: 263.00
   • CIFR.US успешно актуализирован: 19.15
   • COPX.US успешно актуализирован: 82.10
   • GLDM.US успешно актуализирован: 90.50
   • GOOGL.US успешно актуализирован: 398.80
   • IGV.US успешно актуализирован: 93.29
   • LLY.US успешно актуализирован: 989.84
   • MELI.US успешно актуализирован: 1586.00
   • META.US успешно актуализирован: 610.73
   • MSFT.US успешно актуализирован: 423.20
   • NOW.US успешно актуализирован: 105.45
   • PG.US успешно актуализирован: 142.48
   • SOFI.US успешно актуализирован: 15.72
   • TSM.US успешно актуализирован: 396.31
   • UBER.US успешно актуализирован: 75.08
   • USAR.US успешно актуализирован: 21.38
   • VRTX.US успешно актуализирован: 436.58
   • WEAT.US успешно актуализирован: 25.10
🔌 [WS DLM НАКОПИТЕЛЬНЫЙ (D)]: Подключение к wss://wss.tradernet.kz...
✅ [WS DLM НАКОПИТЕЛЬНЫЙ (D)]: Соединение успешно установлено!
🔌 [WS EAM ТОРГОВЫЙ]: Подключение к wss://wss.tradernet.kz...
✅ [WS EAM ТОРГОВЫЙ]: Соединение успешно установлено!
🔌 [WS DLM ТОРГОВЫЙ]: Подключение к wss://wss.tradernet.kz...
✅ [WS DLM ТОРГОВЫЙ]: Соединение успешно установлено!
🔵 [WS DLM НАКОПИТЕЛЬНЫЙ (D)]: Триггер ордера! Вызов sync_manager...
🟢 [WS DLM ТОРГОВЫЙ]: Изменение портфеля! Вызов sync_manager...
🟢 [WS EAM ТОРГОВЫЙ]: Изменение портфеля! Вызов sync_manager...
🔵 [WS DLM ТОРГОВЫЙ]: Триггер ордера! Вызов sync_manager...
🔵 [WS EAM ТОРГОВЫЙ]: Триггер ордера! Вызов sync_manager...
🟢 [WS DLM НАКОПИТЕЛЬНЫЙ (D)]: Изменение портфеля! Вызов sync_manager...
🚀 [WS DLM НАКОПИТЕЛЬНЫЙ (D)]: База данных актуализирована по ордерам.
🚀 [WS DLM НАКОПИТЕЛЬНЫЙ (D)]: База данных актуализирована по портфелю.
🚀 [WS DLM ТОРГОВЫЙ]: База данных актуализирована по ордерам.
Ошибка транзакции sync_portfolio_orders: duplicate key value violates unique constraint "orders_portfolio_id_broker_order_id_key"
DETAIL:  Key (portfolio_id, broker_order_id)=(1, 563832168) already exists.

⚠️ Предупреждение: Не удалось обновить слепок приказов: duplicate key value violates unique constraint "orders_portfolio_id_broker_order_id_key"
DETAIL:  Key (portfolio_id, broker_order_id)=(1, 563832168) already exists.

🚀 [WS DLM ТОРГОВЫЙ]: База данных актуализирована по портфелю.
🚀 [WS EAM ТОРГОВЫЙ]: База данных актуализирована по портфелю.
🚀 [WS EAM ТОРГОВЫЙ]: База данных актуализирована по ордерам.

⚡ [05:56:38] Прямой запуск обновления котировок акций...
💼 [Cron]: Обновляю 26 бумаг у брокера Freedom Broker (ID: 1)
📡 [REST FB]: Запрос котировок getStockQuotesJson для: ['SOFI.US', 'TSM.US', 'UBER.US', 'USAR.US', 'VRTX.US', 'WEAT.US', 'AAPL.US', 'AMD.US', 'AMZN.US', 'APH.US', 'ASML.US', 'BA.US', 'BRK.B.US', 'CCJ.US', 'CEG.US', 'CIFR.US', 'COPX.US', 'GLDM.US', 'GOOGL.US', 'IGV.US', 'LLY.US', 'MELI.US', 'META.US', 'MSFT.US', 'NOW.US', 'PG.US']
   • AAPL.US успешно актуализирован: 297.49
   • AMD.US успешно актуализирован: 422.56
   • AMZN.US успешно актуализирован: 264.84
   • APH.US успешно актуализирован: 122.00
   • ASML.US успешно актуализирован: 1477.44
   • BA.US успешно актуализирован: 220.31
   • BRK.B.US успешно актуализирован: 487.06
   • CCJ.US успешно актуализирован: 105.38
   • CEG.US успешно актуализирован: 263.00
   • CIFR.US успешно актуализирован: 19.15
   • COPX.US успешно актуализирован: 82.10
   • GLDM.US успешно актуализирован: 90.50
   • GOOGL.US успешно актуализирован: 398.80
   • IGV.US успешно актуализирован: 93.29
   • LLY.US успешно актуализирован: 989.84
   • MELI.US успешно актуализирован: 1586.00
   • META.US успешно актуализирован: 610.73
   • MSFT.US успешно актуализирован: 423.20
   • NOW.US успешно актуализирован: 105.45
   • PG.US успешно актуализирован: 142.48
   • SOFI.US успешно актуализирован: 15.72
   • TSM.US успешно актуализирован: 396.31
   • UBER.US успешно актуализирован: 75.08
   • USAR.US успешно актуализирован: 21.38
   • VRTX.US успешно актуализирован: 436.58
   • WEAT.US успешно актуализирован: 25.10

⚡ [06:10:00] Прямой запуск обновления курсов валют...
📡 [Yahoo Forex]: Сбор уникальных валют из СУБД...
📊 [Yahoo Forex]: Запуск обновления для пар к USD: ['GBP']
   • Обновляю курс GBP -> USD... ✅ 1.3408
🏁 [Yahoo Forex]: Синхронизация валютных курсов завершена.

⚡ [06:11:40] Прямой запуск обновления котировок акций...
💼 [Cron]: Обновляю 26 бумаг у брокера Freedom Broker (ID: 1)
📡 [REST FB]: Запрос котировок getStockQuotesJson для: ['AAPL.US', 'AMD.US', 'AMZN.US', 'APH.US', 'ASML.US', 'BA.US', 'BRK.B.US', 'CCJ.US', 'CEG.US', 'CIFR.US', 'COPX.US', 'GLDM.US', 'GOOGL.US', 'IGV.US', 'LLY.US', 'MELI.US', 'META.US', 'MSFT.US', 'NOW.US', 'PG.US', 'SOFI.US', 'TSM.US', 'UBER.US', 'USAR.US', 'VRTX.US', 'WEAT.US']
   • AAPL.US успешно актуализирован: 297.49
   • AMD.US успешно актуализирован: 422.56
   • AMZN.US успешно актуализирован: 264.84
   • APH.US успешно актуализирован: 122.00
   • ASML.US успешно актуализирован: 1477.44
   • BA.US успешно актуализирован: 220.31
   • BRK.B.US успешно актуализирован: 487.06
   • CCJ.US успешно актуализирован: 105.38
   • CEG.US успешно актуализирован: 263.00
   • CIFR.US успешно актуализирован: 19.15
   • COPX.US успешно актуализирован: 82.10
   • GLDM.US успешно актуализирован: 90.50
   • GOOGL.US успешно актуализирован: 398.80
   • IGV.US успешно актуализирован: 93.29
   • LLY.US успешно актуализирован: 989.84
   • MELI.US успешно актуализирован: 1586.00
   • META.US успешно актуализирован: 610.73
   • MSFT.US успешно актуализирован: 423.20
   • NOW.US успешно актуализирован: 105.45
   • PG.US успешно актуализирован: 142.48
   • SOFI.US успешно актуализирован: 15.72
   • TSM.US успешно актуализирован: 396.31
   • UBER.US успешно актуализирован: 75.08
   • USAR.US успешно актуализирован: 21.38
   • VRTX.US успешно актуализирован: 436.58
   • WEAT.US успешно актуализирован: 25.10

⚡ [06:26:43] Прямой запуск обновления котировок акций...
💼 [Cron]: Обновляю 26 бумаг у брокера Freedom Broker (ID: 1)
📡 [REST FB]: Запрос котировок getStockQuotesJson для: ['IGV.US', 'LLY.US', 'MELI.US', 'META.US', 'MSFT.US', 'NOW.US', 'PG.US', 'SOFI.US', 'TSM.US', 'UBER.US', 'USAR.US', 'VRTX.US', 'WEAT.US', 'AAPL.US', 'AMD.US', 'AMZN.US', 'APH.US', 'ASML.US', 'BA.US', 'BRK.B.US', 'CCJ.US', 'CEG.US', 'CIFR.US', 'COPX.US', 'GLDM.US', 'GOOGL.US']
   • AAPL.US успешно актуализирован: 297.49
   • AMD.US успешно актуализирован: 422.56
   • AMZN.US успешно актуализирован: 264.84
   • APH.US успешно актуализирован: 122.00
   • ASML.US успешно актуализирован: 1477.44
   • BA.US успешно актуализирован: 220.31
   • BRK.B.US успешно актуализирован: 487.06
   • CCJ.US успешно актуализирован: 105.38
   • CEG.US успешно актуализирован: 263.00
   • CIFR.US успешно актуализирован: 19.15
   • COPX.US успешно актуализирован: 82.10
   • GLDM.US успешно актуализирован: 90.50
   • GOOGL.US успешно актуализирован: 398.80
   • IGV.US успешно актуализирован: 93.29
   • LLY.US успешно актуализирован: 989.84
   • MELI.US успешно актуализирован: 1586.00
   • META.US успешно актуализирован: 610.73
   • MSFT.US успешно актуализирован: 423.20
   • NOW.US успешно актуализирован: 105.45
   • PG.US успешно актуализирован: 142.48
   • SOFI.US успешно актуализирован: 15.72
   • TSM.US успешно актуализирован: 396.31
   • UBER.US успешно актуализирован: 75.08
   • USAR.US успешно актуализирован: 21.38
   • VRTX.US успешно актуализирован: 436.58
   • WEAT.US успешно актуализирован: 25.10

⚡ [06:41:45] Прямой запуск обновления котировок акций...
💼 [Cron]: Обновляю 26 бумаг у брокера Freedom Broker (ID: 1)
📡 [REST FB]: Запрос котировок getStockQuotesJson для: ['AAPL.US', 'AMD.US', 'AMZN.US', 'APH.US', 'ASML.US', 'BA.US', 'BRK.B.US', 'CCJ.US', 'CEG.US', 'CIFR.US', 'COPX.US', 'GLDM.US', 'GOOGL.US', 'IGV.US', 'LLY.US', 'MELI.US', 'META.US', 'MSFT.US', 'NOW.US', 'PG.US', 'SOFI.US', 'TSM.US', 'UBER.US', 'USAR.US', 'VRTX.US', 'WEAT.US']
   • AAPL.US успешно актуализирован: 297.49
   • AMD.US успешно актуализирован: 422.56
   • AMZN.US успешно актуализирован: 264.84
   • APH.US успешно актуализирован: 122.00
   • ASML.US успешно актуализирован: 1477.44
   • BA.US успешно актуализирован: 220.31
   • BRK.B.US успешно актуализирован: 487.06
   • CCJ.US успешно актуализирован: 105.38
   • CEG.US успешно актуализирован: 263.00
   • CIFR.US успешно актуализирован: 19.15
   • COPX.US успешно актуализирован: 82.10
   • GLDM.US успешно актуализирован: 90.50
   • GOOGL.US успешно актуализирован: 398.80
   • IGV.US успешно актуализирован: 93.29
   • LLY.US успешно актуализирован: 989.84
   • MELI.US успешно актуализирован: 1586.00
   • META.US успешно актуализирован: 610.73
   • MSFT.US успешно актуализирован: 423.20
   • NOW.US успешно актуализирован: 105.45
   • PG.US успешно актуализирован: 142.48
   • SOFI.US успешно актуализирован: 15.72
   • TSM.US успешно актуализирован: 396.31
   • UBER.US успешно актуализирован: 75.08
   • USAR.US успешно актуализирован: 21.38
   • VRTX.US успешно актуализирован: 436.58
   • WEAT.US успешно актуализирован: 25.10

⚡ [06:56:47] Прямой запуск обновления котировок акций...
💼 [Cron]: Обновляю 26 бумаг у брокера Freedom Broker (ID: 1)
📡 [REST FB]: Запрос котировок getStockQuotesJson для: ['BRK.B.US', 'CCJ.US', 'CEG.US', 'CIFR.US', 'COPX.US', 'GLDM.US', 'GOOGL.US', 'IGV.US', 'LLY.US', 'MELI.US', 'META.US', 'MSFT.US', 'NOW.US', 'PG.US', 'SOFI.US', 'TSM.US', 'UBER.US', 'USAR.US', 'VRTX.US', 'WEAT.US', 'AAPL.US', 'AMD.US', 'AMZN.US', 'APH.US', 'ASML.US', 'BA.US']
   • AAPL.US успешно актуализирован: 297.49
   • AMD.US успешно актуализирован: 422.56
   • AMZN.US успешно актуализирован: 264.84
   • APH.US успешно актуализирован: 122.00
   • ASML.US успешно актуализирован: 1477.44
   • BA.US успешно актуализирован: 220.31
   • BRK.B.US успешно актуализирован: 487.06
   • CCJ.US успешно актуализирован: 105.38
   • CEG.US успешно актуализирован: 263.00
   • CIFR.US успешно актуализирован: 19.15
   • COPX.US успешно актуализирован: 82.10
   • GLDM.US успешно актуализирован: 90.50
   • GOOGL.US успешно актуализирован: 398.80
   • IGV.US успешно актуализирован: 93.29
   • LLY.US успешно актуализирован: 989.84
   • MELI.US успешно актуализирован: 1586.00
   • META.US успешно актуализирован: 610.73
   • MSFT.US успешно актуализирован: 423.20
   • NOW.US успешно актуализирован: 105.45
   • PG.US успешно актуализирован: 142.48
   • SOFI.US успешно актуализирован: 15.72
   • TSM.US успешно актуализирован: 396.31
   • UBER.US успешно актуализирован: 75.08
   • USAR.US успешно актуализирован: 21.38
   • VRTX.US успешно актуализирован: 436.58
   • WEAT.US успешно актуализирован: 25.10

⚡ [07:11:49] Прямой запуск обновления котировок акций...
💼 [Cron]: Обновляю 26 бумаг у брокера Freedom Broker (ID: 1)
📡 [REST FB]: Запрос котировок getStockQuotesJson для: ['WEAT.US', 'AAPL.US', 'AMD.US', 'AMZN.US', 'APH.US', 'ASML.US', 'BA.US', 'BRK.B.US', 'CCJ.US', 'CEG.US', 'CIFR.US', 'COPX.US', 'GLDM.US', 'GOOGL.US', 'IGV.US', 'LLY.US', 'MELI.US', 'META.US', 'MSFT.US', 'NOW.US', 'PG.US', 'SOFI.US', 'TSM.US', 'UBER.US', 'USAR.US', 'VRTX.US']
   • AAPL.US успешно актуализирован: 297.49
   • AMD.US успешно актуализирован: 422.56
   • AMZN.US успешно актуализирован: 264.84
   • APH.US успешно актуализирован: 122.00
   • ASML.US успешно актуализирован: 1477.44
   • BA.US успешно актуализирован: 220.31
   • BRK.B.US успешно актуализирован: 487.06
   • CCJ.US успешно актуализирован: 105.38
   • CEG.US успешно актуализирован: 263.00
   • CIFR.US успешно актуализирован: 19.15
   • COPX.US успешно актуализирован: 82.10
   • GLDM.US успешно актуализирован: 90.50
   • GOOGL.US успешно актуализирован: 398.80
   • IGV.US успешно актуализирован: 93.29
   • LLY.US успешно актуализирован: 989.84
   • MELI.US успешно актуализирован: 1586.00
   • META.US успешно актуализирован: 610.73
   • MSFT.US успешно актуализирован: 423.20
   • NOW.US успешно актуализирован: 105.45
   • PG.US успешно актуализирован: 142.48
   • SOFI.US успешно актуализирован: 15.72
   • TSM.US успешно актуализирован: 396.31
   • UBER.US успешно актуализирован: 75.08
   • USAR.US успешно актуализирован: 21.38
   • VRTX.US успешно актуализирован: 436.58
   • WEAT.US успешно актуализирован: 25.10
🤖 [Бот]: Принудительный запрос обновления цен по кнопке пользователя.

⚡ [07:24:16] Прямой запуск обновления котировок акций...INFO:aiogram.event:Update id=211143052 is handled. Duration 3252 ms by bot id=8763783873
INFO:aiogram.event:Update id=211143053 is handled. Duration 2983 ms by bot id=8763783873
WARNING:aiogram.dispatcher:Received SIGTERM signal
INFO:aiogram.dispatcher:Polling stopped for bot @UnitedPortfolios_bot id=8763783873 - 'UPort Assistant'
INFO:aiogram.dispatcher:Polling stopped
INFO:aiogram.dispatcher:Start polling
INFO:aiogram.dispatcher:Run polling for bot @UnitedPortfolios_bot id=8763783873 - 'UPort Assistant'
=== 🚀 [UPort Система] Глобальный запуск семейной экосистемы ===
🧠 [Оркестратор]: Анализ конфигурации пользователей из таблицы users...
🤖 [Оркестратор]: Ленивая загрузка компонентов Telegram-бота...
➕ [Оркестратор]: Регистрация реле времени фоновых задач cron_scheduler...
➕ [Оркестратор]: Регистрирую сокет Freedom Broker [DLM] -> ТОРГОВЫЙ (7A17092)
➕ [Оркестратор]: Регистрирую сокет Freedom Broker [DLM] -> НАКОПИТЕЛЬНЫЙ (D7A17092)
➕ [Оркестратор]: Регистрирую сокет Freedom Broker [EAM] -> ТОРГОВЫЙ (7D3382)
➕ [Оркестратор]: Регистрирую сокет Freedom Broker [EAM] -> НАКОПИТЕЛЬНЫЙ (D7D3382)
➕ [Оркестратор]: Регистрирую службу Telegram-бота...
🧠 [Реле Времени]: Запуск генератора импульсов периодических задач...
🧠 [WS DLM ТОРГОВЫЙ]: Инициализация ядра для счета 7A17092...
🔌 [WS DLM ТОРГОВЫЙ]: Подключение к wss://wss.tradernet.kz...
✅ [WS DLM ТОРГОВЫЙ]: Соединение успешно установлено!
🧠 [WS DLM НАКОПИТЕЛЬНЫЙ (D)]: Инициализация ядра для счета D7A17092...
🔌 [WS DLM НАКОПИТЕЛЬНЫЙ (D)]: Подключение к wss://wss.tradernet.kz...
✅ [WS DLM НАКОПИТЕЛЬНЫЙ (D)]: Соединение успешно установлено!
🧠 [WS EAM ТОРГОВЫЙ]: Инициализация ядра для счета 7D3382...
🔌 [WS EAM ТОРГОВЫЙ]: Подключение к wss://wss.tradernet.kz...
✅ [WS EAM ТОРГОВЫЙ]: Соединение успешно установлено!
ℹ️ [WS EAM]: Ключи для контура НАКОПИТЕЛЬНЫЙ (D) отсутствуют в .env. Слушатель пропущен.
⏱️ [Реле Времени]: Контур цен акций успешно взведен.

⚡ [07:29:36] Прямой запуск обновления котировок акций...
⏱️ [Реле Времени]: Контур курсов валют успешно взведен.

⚡ [07:29:36] Прямой запуск обновления курсов валют...
📡 [Yahoo Forex]: Сбор валют из системного справочника public.currencies...
📊 [Yahoo Forex]: Запуск обновления для пар к USD: ['EUR', 'KZT', 'GBP', 'RUR']
   • Обновляю курс EUR -> USD... === ✅ [Оркестратор]: Все компоненты увязаны в единый Event Loop. Старт потоков... ===

💼 [Cron]: Обновляю 26 бумаг у брокера Freedom Broker (ID: 1)
📡 [REST FB]: Запрос котировок getStockQuotesJson для: ['GLDM.US', 'GOOGL.US', 'IGV.US', 'LLY.US', 'MELI.US', 'META.US', 'MSFT.US', 'NOW.US', 'PG.US', 'SOFI.US', 'TSM.US', 'UBER.US', 'USAR.US', 'VRTX.US', 'WEAT.US', 'AAPL.US', 'AMD.US', 'AMZN.US', 'APH.US', 'ASML.US', 'BA.US', 'BRK.B.US', 'CCJ.US', 'CEG.US', 'CIFR.US', 'COPX.US']
🔵 [WS DLM ТОРГОВЫЙ]: Триггер ордера! Вызов sync_manager...
🟢 [WS DLM НАКОПИТЕЛЬНЫЙ (D)]: Изменение портфеля! Вызов sync_manager...
🔵 [WS EAM ТОРГОВЫЙ]: Триггер ордера! Вызов sync_manager...
🔵 [WS DLM НАКОПИТЕЛЬНЫЙ (D)]: Триггер ордера! Вызов sync_manager...
🟢 [WS DLM ТОРГОВЫЙ]: Изменение портфеля! Вызов sync_manager...
🟢 [WS EAM ТОРГОВЫЙ]: Изменение портфеля! Вызов sync_manager...
✅ 1.163467
   • AAPL.US успешно актуализирован: 297.49
   • AMD.US успешно актуализирован: 422.56
   • Обновляю курс KZT -> USD...    • AMZN.US успешно актуализирован: 264.84
   • APH.US успешно актуализирован: 122.00
🚀 [WS DLM НАКОПИТЕЛЬНЫЙ (D)]: База данных актуализирована по портфелю.
   • ASML.US успешно актуализирован: 1477.44
   • BA.US успешно актуализирован: 220.31
   • BRK.B.US успешно актуализирован: 487.06
✅ 0.002122
   • CCJ.US успешно актуализирован: 105.38
   • CEG.US успешно актуализирован: 263.00
   • CIFR.US успешно актуализирован: 19.15
   • COPX.US успешно актуализирован: 82.10
   • Обновляю курс GBP -> USD...    • GLDM.US успешно актуализирован: 90.50
   • GOOGL.US успешно актуализирован: 398.80
   • IGV.US успешно актуализирован: 93.29
   • LLY.US успешно актуализирован: 989.84
✅ 1.339674
   • MELI.US успешно актуализирован: 1586.00
   • META.US успешно актуализирован: 610.73
🚀 [WS DLM НАКОПИТЕЛЬНЫЙ (D)]: База данных актуализирована по ордерам.
   • MSFT.US успешно актуализирован: 423.20
   • NOW.US успешно актуализирован: 105.45
   • Обновляю курс RUR -> USD...    • PG.US успешно актуализирован: 142.48
   • SOFI.US успешно актуализирован: 15.72
   • TSM.US успешно актуализирован: 396.31
   • UBER.US успешно актуализирован: 75.08
   • USAR.US успешно актуализирован: 21.38
✅ 0.013930
   • VRTX.US успешно актуализирован: 436.58
   • WEAT.US успешно актуализирован: 25.10
🏁 [Yahoo Forex]: Синхронизация валютных курсов завершена.
🚀 [WS DLM ТОРГОВЫЙ]: База данных актуализирована по ордерам.
🚀 [WS DLM ТОРГОВЫЙ]: База данных актуализирована по портфелю.
🚀 [WS EAM ТОРГОВЫЙ]: База данных актуализирована по ордерам.
🚀 [WS EAM ТОРГОВЫЙ]: База данных актуализирована по портфелю.
🤖 [Бот]: Принудительный запрос обновления цен по кнопке пользователя.

⚡ [07:31:05] Прямой запуск обновления котировок акций...
💼 [Cron]: Обновляю 26 бумаг у брокера Freedom Broker (ID: 1)
📡 [REST FB]: Запрос котировок getStockQuotesJson для: ['AAPL.US', 'AMD.US', 'AMZN.US', 'APH.US', 'ASML.US', 'BA.US', 'BRK.B.US', 'CCJ.US', 'CEG.US', 'CIFR.US', 'COPX.US', 'GLDM.US', 'GOOGL.US', 'IGV.US', 'LLY.US', 'MELI.US', 'META.US', 'MSFT.US', 'NOW.US', 'PG.US', 'SOFI.US', 'TSM.US', 'UBER.US', 'USAR.US', 'VRTX.US', 'WEAT.US']
   • AAPL.US успешно актуализирован: 297.49
   • AMD.US успешно актуализирован: 422.56
   • AMZN.US успешно актуализирован: 264.84
   • APH.US успешно актуализирован: 122.00
   • ASML.US успешно актуализирован: 1477.44
   • BA.US успешно актуализирован: 220.31
   • BRK.B.US успешно актуализирован: 487.06
   • CCJ.US успешно актуализирован: 105.38
   • CEG.US успешно актуализирован: 263.00
   • CIFR.US успешно актуализирован: 19.15
   • COPX.US успешно актуализирован: 82.10
   • GLDM.US успешно актуализирован: 90.50
   • GOOGL.US успешно актуализирован: 398.80
   • IGV.US успешно актуализирован: 93.29INFO:aiogram.event:Update id=211143054 is handled. Duration 5256 ms by bot id=8763783873

   • LLY.US успешно актуализирован: 989.84
   • MELI.US успешно актуализирован: 1586.00
   • META.US успешно актуализирован: 610.73
   • MSFT.US успешно актуализирован: 423.20
   • NOW.US успешно актуализирован: 105.45
   • PG.US успешно актуализирован: 142.48
   • SOFI.US успешно актуализирован: 15.72
   • TSM.US успешно актуализирован: 396.31
   • UBER.US успешно актуализирован: 75.08
   • USAR.US успешно актуализирован: 21.38
   • VRTX.US успешно актуализирован: 436.58
   • WEAT.US успешно актуализирован: 25.10

⚡ [07:31:08] Прямой запуск обновления курсов валют...
📡 [Yahoo Forex]: Сбор валют из системного справочника public.currencies...
📊 [Yahoo Forex]: Запуск обновления для пар к USD: ['EUR', 'KZT', 'GBP', 'RUR']
   • Обновляю курс EUR -> USD... ✅ 1.163467
   • Обновляю курс KZT -> USD... ✅ 0.002128
   • Обновляю курс GBP -> USD... ✅ 1.339728
   • Обновляю курс RUR -> USD... ✅ 0.013930
🏁 [Yahoo Forex]: Синхронизация валютных курсов завершена.

⚡ [07:44:41] Прямой запуск обновления котировок акций...
💼 [Cron]: Обновляю 26 бумаг у брокера Freedom Broker (ID: 1)
📡 [REST FB]: Запрос котировок getStockQuotesJson для: ['ASML.US', 'BA.US', 'BRK.B.US', 'CCJ.US', 'CEG.US', 'CIFR.US', 'COPX.US', 'GLDM.US', 'GOOGL.US', 'IGV.US', 'LLY.US', 'MELI.US', 'META.US', 'MSFT.US', 'NOW.US', 'PG.US', 'SOFI.US', 'TSM.US', 'UBER.US', 'USAR.US', 'VRTX.US', 'WEAT.US', 'AAPL.US', 'AMD.US', 'AMZN.US', 'APH.US']
   • AAPL.US успешно актуализирован: 297.49
   • AMD.US успешно актуализирован: 422.56
   • AMZN.US успешно актуализирован: 264.84
   • APH.US успешно актуализирован: 122.00
   • ASML.US успешно актуализирован: 1477.44
   • BA.US успешно актуализирован: 220.31
   • BRK.B.US успешно актуализирован: 487.06
   • CCJ.US успешно актуализирован: 105.38
   • CEG.US успешно актуализирован: 263.00
   • CIFR.US успешно актуализирован: 19.15
   • COPX.US успешно актуализирован: 82.10
   • GLDM.US успешно актуализирован: 90.50
   • GOOGL.US успешно актуализирован: 398.80
   • IGV.US успешно актуализирован: 93.29
   • LLY.US успешно актуализирован: 989.84
   • MELI.US успешно актуализирован: 1586.00
   • META.US успешно актуализирован: 610.73
   • MSFT.US успешно актуализирован: 423.20
   • NOW.US успешно актуализирован: 105.45
   • PG.US успешно актуализирован: 142.48
   • SOFI.US успешно актуализирован: 15.72
   • TSM.US успешно актуализирован: 396.31
   • UBER.US успешно актуализирован: 75.08
   • USAR.US успешно актуализирован: 21.38
   • VRTX.US успешно актуализирован: 436.58
   • WEAT.US успешно актуализирован: 25.10

⚡ [07:59:43] Прямой запуск обновления котировок акций...
💼 [Cron]: Обновляю 26 бумаг у брокера Freedom Broker (ID: 1)
📡 [REST FB]: Запрос котировок getStockQuotesJson для: ['USAR.US', 'VRTX.US', 'WEAT.US', 'AAPL.US', 'AMD.US', 'AMZN.US', 'APH.US', 'ASML.US', 'BA.US', 'BRK.B.US', 'CCJ.US', 'CEG.US', 'CIFR.US', 'COPX.US', 'GLDM.US', 'GOOGL.US', 'IGV.US', 'LLY.US', 'MELI.US', 'META.US', 'MSFT.US', 'NOW.US', 'PG.US', 'SOFI.US', 'TSM.US', 'UBER.US']
   • AAPL.US успешно актуализирован: 297.49
   • AMD.US успешно актуализирован: 422.56
   • AMZN.US успешно актуализирован: 264.84
   • APH.US успешно актуализирован: 122.00
   • ASML.US успешно актуализирован: 1477.44
   • BA.US успешно актуализирован: 220.31
   • BRK.B.US успешно актуализирован: 487.06
   • CCJ.US успешно актуализирован: 105.38
   • CEG.US успешно актуализирован: 263.00
   • CIFR.US успешно актуализирован: 19.15
   • COPX.US успешно актуализирован: 82.10
   • GLDM.US успешно актуализирован: 90.50
   • GOOGL.US успешно актуализирован: 398.80
   • IGV.US успешно актуализирован: 93.29
   • LLY.US успешно актуализирован: 989.84
   • MELI.US успешно актуализирован: 1586.00
   • META.US успешно актуализирован: 610.73
   • MSFT.US успешно актуализирован: 423.20
   • NOW.US успешно актуализирован: 105.45
   • PG.US успешно актуализирован: 142.48
   • SOFI.US успешно актуализирован: 15.72
   • TSM.US успешно актуализирован: 396.31
   • UBER.US успешно актуализирован: 75.08
   • USAR.US успешно актуализирован: 21.38
   • VRTX.US успешно актуализирован: 436.58
   • WEAT.US успешно актуализирован: 25.10

⚡ [08:14:45] Прямой запуск обновления котировок акций...
💼 [Cron]: Обновляю 26 бумаг у брокера Freedom Broker (ID: 1)
📡 [REST FB]: Запрос котировок getStockQuotesJson для: ['AAPL.US', 'AMD.US', 'AMZN.US', 'APH.US', 'ASML.US', 'BA.US', 'BRK.B.US', 'CCJ.US', 'CEG.US', 'CIFR.US', 'COPX.US', 'GLDM.US', 'GOOGL.US', 'IGV.US', 'LLY.US', 'MELI.US', 'META.US', 'MSFT.US', 'NOW.US', 'PG.US', 'SOFI.US', 'TSM.US', 'UBER.US', 'USAR.US', 'VRTX.US', 'WEAT.US']
   • AAPL.US успешно актуализирован: 297.17
   • AMD.US успешно актуализирован: 419.00
   • AMZN.US успешно актуализирован: 264.26
   • APH.US успешно актуализирован: 121.76
   • ASML.US успешно актуализирован: 1466.58
   • BA.US успешно актуализирован: 220.24
   • BRK.B.US успешно актуализирован: 488.10
   • CCJ.US успешно актуализирован: 105.38
   • CEG.US успешно актуализирован: 262.17
   • CIFR.US успешно актуализирован: 18.82
   • COPX.US успешно актуализирован: 81.12
   • GLDM.US успешно актуализирован: 90.00
   • GOOGL.US успешно актуализирован: 401.01
   • IGV.US успешно актуализирован: 93.33
   • LLY.US успешно актуализирован: 987.22
   • MELI.US успешно актуализирован: 1586.00
   • META.US успешно актуализирован: 610.67
   • MSFT.US успешно актуализирован: 424.21
   • NOW.US успешно актуализирован: 106.81
   • PG.US успешно актуализирован: 142.59
   • SOFI.US успешно актуализирован: 15.63
   • TSM.US успешно актуализирован: 393.20
   • UBER.US успешно актуализирован: 75.01
   • USAR.US успешно актуализирован: 21.28
   • VRTX.US успешно актуализирован: 436.58
   • WEAT.US успешно актуализирован: 25.10

⚡ [08:29:48] Прямой запуск обновления котировок акций...
💼 [Cron]: Обновляю 26 бумаг у брокера Freedom Broker (ID: 1)
📡 [REST FB]: Запрос котировок getStockQuotesJson для: ['META.US', 'MSFT.US', 'NOW.US', 'PG.US', 'SOFI.US', 'TSM.US', 'UBER.US', 'USAR.US', 'VRTX.US', 'WEAT.US', 'AAPL.US', 'AMD.US', 'AMZN.US', 'APH.US', 'ASML.US', 'BA.US', 'BRK.B.US', 'CCJ.US', 'CEG.US', 'CIFR.US', 'COPX.US', 'GLDM.US', 'GOOGL.US', 'IGV.US', 'LLY.US', 'MELI.US']
   • AAPL.US успешно актуализирован: 297.23
   • AMD.US успешно актуализирован: 416.61
   • AMZN.US успешно актуализирован: 263.77
   • APH.US успешно актуализирован: 121.76
   • ASML.US успешно актуализирован: 1462.52
   • BA.US успешно актуализирован: 220.00
   • BRK.B.US успешно актуализирован: 487.60
   • CCJ.US успешно актуализирован: 105.38
   • CEG.US успешно актуализирован: 262.00
   • CIFR.US успешно актуализирован: 18.81
   • COPX.US успешно актуализирован: 81.03
   • GLDM.US успешно актуализирован: 89.86
   • GOOGL.US успешно актуализирован: 401.09
   • IGV.US успешно актуализирован: 93.41
   • LLY.US успешно актуализирован: 986.45
   • MELI.US успешно актуализирован: 1586.00
   • META.US успешно актуализирован: 610.91
   • MSFT.US успешно актуализирован: 424.68
   • NOW.US успешно актуализирован: 106.69
   • PG.US успешно актуализирован: 142.62
   • SOFI.US успешно актуализирован: 15.62
   • TSM.US успешно актуализирован: 392.15
   • UBER.US успешно актуализирован: 75.05
   • USAR.US успешно актуализирован: 21.31
   • VRTX.US успешно актуализирован: 436.58
   • WEAT.US успешно актуализирован: 25.10

⚡ [08:44:50] Прямой запуск обновления котировок акций...
💼 [Cron]: Обновляю 26 бумаг у брокера Freedom Broker (ID: 1)
📡 [REST FB]: Запрос котировок getStockQuotesJson для: ['AAPL.US', 'AMD.US', 'AMZN.US', 'APH.US', 'ASML.US', 'BA.US', 'BRK.B.US', 'CCJ.US', 'CEG.US', 'CIFR.US', 'COPX.US', 'GLDM.US', 'GOOGL.US', 'IGV.US', 'LLY.US', 'MELI.US', 'META.US', 'MSFT.US', 'NOW.US', 'PG.US', 'SOFI.US', 'TSM.US', 'UBER.US', 'USAR.US', 'VRTX.US', 'WEAT.US']
   • AAPL.US успешно актуализирован: 297.01
   • AMD.US успешно актуализирован: 417.98
   • AMZN.US успешно актуализирован: 263.73
   • APH.US успешно актуализирован: 121.96
   • ASML.US успешно актуализирован: 1464.99
   • BA.US успешно актуализирован: 220.00
   • BRK.B.US успешно актуализирован: 487.55
   • CCJ.US успешно актуализирован: 105.35
   • CEG.US успешно актуализирован: 262.30
   • CIFR.US успешно актуализирован: 18.85
   • COPX.US успешно актуализирован: 81.03
   • GLDM.US успешно актуализирован: 89.86
   • GOOGL.US успешно актуализирован: 400.67
   • IGV.US успешно актуализирован: 93.45
   • LLY.US успешно актуализирован: 986.45
   • MELI.US успешно актуализирован: 1584.33
   • META.US успешно актуализирован: 610.76
   • MSFT.US успешно актуализирован: 425.00
   • NOW.US успешно актуализирован: 106.49
   • PG.US успешно актуализирован: 142.65
   • SOFI.US успешно актуализирован: 15.65
   • TSM.US успешно актуализирован: 393.09
   • UBER.US успешно актуализирован: 74.99
   • USAR.US успешно актуализирован: 21.30
   • VRTX.US успешно актуализирован: 436.58
   • WEAT.US успешно актуализирован: 25.10

⚡ [08:59:52] Прямой запуск обновления котировок акций...
💼 [Cron]: Обновляю 26 бумаг у брокера Freedom Broker (ID: 1)
📡 [REST FB]: Запрос котировок getStockQuotesJson для: ['CIFR.US', 'COPX.US', 'GLDM.US', 'GOOGL.US', 'IGV.US', 'LLY.US', 'MELI.US', 'META.US', 'MSFT.US', 'NOW.US', 'PG.US', 'SOFI.US', 'TSM.US', 'UBER.US', 'USAR.US', 'VRTX.US', 'WEAT.US', 'AAPL.US', 'AMD.US', 'AMZN.US', 'APH.US', 'ASML.US', 'BA.US', 'BRK.B.US', 'CCJ.US', 'CEG.US']
   • AAPL.US успешно актуализирован: 296.93
   • AMD.US успешно актуализирован: 417.22
   • AMZN.US успешно актуализирован: 263.71
   • APH.US успешно актуализирован: 121.83
   • ASML.US успешно актуализирован: 1470.26
   • BA.US успешно актуализирован: 220.12
   • BRK.B.US успешно актуализирован: 487.50
   • CCJ.US успешно актуализирован: 105.43
   • CEG.US успешно актуализирован: 262.20
   • CIFR.US успешно актуализирован: 18.87
   • COPX.US успешно актуализирован: 81.11
   • GLDM.US успешно актуализирован: 89.79
   • GOOGL.US успешно актуализирован: 400.31
   • IGV.US успешно актуализирован: 93.47
   • LLY.US успешно актуализирован: 986.45
   • MELI.US успешно актуализирован: 1584.97
   • META.US успешно актуализирован: 610.85
   • MSFT.US успешно актуализирован: 425.59
   • NOW.US успешно актуализирован: 106.95
   • PG.US успешно актуализирован: 142.65
   • SOFI.US успешно актуализирован: 15.69
   • TSM.US успешно актуализирован: 392.96
   • UBER.US успешно актуализирован: 74.99
   • USAR.US успешно актуализирован: 21.33
   • VRTX.US успешно актуализирован: 436.58
   • WEAT.US успешно актуализирован: 25.24

⚡ [09:14:54] Прямой запуск обновления котировок акций...
💼 [Cron]: Обновляю 26 бумаг у брокера Freedom Broker (ID: 1)
📡 [REST FB]: Запрос котировок getStockQuotesJson для: ['AAPL.US', 'AMD.US', 'AMZN.US', 'APH.US', 'ASML.US', 'BA.US', 'BRK.B.US', 'CCJ.US', 'CEG.US', 'CIFR.US', 'COPX.US', 'GLDM.US', 'GOOGL.US', 'IGV.US', 'LLY.US', 'MELI.US', 'META.US', 'MSFT.US', 'NOW.US', 'PG.US', 'SOFI.US', 'TSM.US', 'UBER.US', 'USAR.US', 'VRTX.US', 'WEAT.US']
   • AAPL.US успешно актуализирован: 296.50
   • AMD.US успешно актуализирован: 416.72
   • AMZN.US успешно актуализирован: 263.50
   • APH.US успешно актуализирован: 121.72
   • ASML.US успешно актуализирован: 1464.00
   • BA.US успешно актуализирован: 220.11
   • BRK.B.US успешно актуализирован: 487.50
   • CCJ.US успешно актуализирован: 105.43
   • CEG.US успешно актуализирован: 261.86
   • CIFR.US успешно актуализирован: 18.77
   • COPX.US успешно актуализирован: 80.94
   • GLDM.US успешно актуализирован: 89.80
   • GOOGL.US успешно актуализирован: 399.87
   • IGV.US успешно актуализирован: 93.55
   • LLY.US успешно актуализирован: 985.00
   • MELI.US успешно актуализирован: 1585.20
   • META.US успешно актуализирован: 610.00
   • MSFT.US успешно актуализирован: 425.60
   • NOW.US успешно актуализирован: 107.63
   • PG.US успешно актуализирован: 142.65
   • SOFI.US успешно актуализирован: 15.69
   • TSM.US успешно актуализирован: 392.11
   • UBER.US успешно актуализирован: 74.98
   • USAR.US успешно актуализирован: 21.29
   • VRTX.US успешно актуализирован: 436.02
   • WEAT.US успешно актуализирован: 25.24

⚡ [09:29:41] Прямой запуск обновления курсов валют...
📡 [Yahoo Forex]: Сбор валют из системного справочника public.currencies...
📊 [Yahoo Forex]: Запуск обновления для пар к USD: ['EUR', 'KZT', 'GBP', 'RUR']
   • Обновляю курс EUR -> USD... ✅ 1.162115
   • Обновляю курс KZT -> USD... ✅ 0.002127
   • Обновляю курс GBP -> USD... ✅ 1.339764
   • Обновляю курс RUR -> USD... ✅ 0.014027
🏁 [Yahoo Forex]: Синхронизация валютных курсов завершена.

⚡ [09:29:57] Прямой запуск обновления котировок акций...
💼 [Cron]: Обновляю 26 бумаг у брокера Freedom Broker (ID: 1)
📡 [REST FB]: Запрос котировок getStockQuotesJson для: ['AMZN.US', 'APH.US', 'ASML.US', 'BA.US', 'BRK.B.US', 'CCJ.US', 'CEG.US', 'CIFR.US', 'COPX.US', 'GLDM.US', 'GOOGL.US', 'IGV.US', 'LLY.US', 'MELI.US', 'META.US', 'MSFT.US', 'NOW.US', 'PG.US', 'SOFI.US', 'TSM.US', 'UBER.US', 'USAR.US', 'VRTX.US', 'WEAT.US', 'AAPL.US', 'AMD.US']
   • AAPL.US успешно актуализирован: 296.20
   • AMD.US успешно актуализирован: 414.50
   • AMZN.US успешно актуализирован: 263.12
   • APH.US успешно актуализирован: 120.92
   • ASML.US успешно актуализирован: 1458.38
   • BA.US успешно актуализирован: 219.74
   • BRK.B.US успешно актуализирован: 487.46
   • CCJ.US успешно актуализирован: 105.26
   • CEG.US успешно актуализирован: 261.40
   • CIFR.US успешно актуализирован: 18.74
   • COPX.US успешно актуализирован: 80.70
   • GLDM.US успешно актуализирован: 89.86
   • GOOGL.US успешно актуализирован: 399.00
   • IGV.US успешно актуализирован: 93.38
   • LLY.US успешно актуализирован: 984.12
   • MELI.US успешно актуализирован: 1584.79
   • META.US успешно актуализирован: 609.00
   • MSFT.US успешно актуализирован: 424.27
   • NOW.US успешно актуализирован: 107.47
   • PG.US успешно актуализирован: 142.62
   • SOFI.US успешно актуализирован: 15.60
   • TSM.US успешно актуализирован: 390.37
   • UBER.US успешно актуализирован: 74.84
   • USAR.US успешно актуализирован: 21.18
   • VRTX.US успешно актуализирован: 436.02
   • WEAT.US успешно актуализирован: 25.18

⚡ [09:44:59] Прямой запуск обновления котировок акций...
💼 [Cron]: Обновляю 26 бумаг у брокера Freedom Broker (ID: 1)
📡 [REST FB]: Запрос котировок getStockQuotesJson для: ['TSM.US', 'UBER.US', 'USAR.US', 'VRTX.US', 'WEAT.US', 'AAPL.US', 'AMD.US', 'AMZN.US', 'APH.US', 'ASML.US', 'BA.US', 'BRK.B.US', 'CCJ.US', 'CEG.US', 'CIFR.US', 'COPX.US', 'GLDM.US', 'GOOGL.US', 'IGV.US', 'LLY.US', 'MELI.US', 'META.US', 'MSFT.US', 'NOW.US', 'PG.US', 'SOFI.US']
   • AAPL.US успешно актуализирован: 296.02
   • AMD.US успешно актуализирован: 412.98
   • AMZN.US успешно актуализирован: 262.84
   • APH.US успешно актуализирован: 120.27
   • ASML.US успешно актуализирован: 1454.57
   • BA.US успешно актуализирован: 219.50
   • BRK.B.US успешно актуализирован: 487.36
   • CCJ.US успешно актуализирован: 105.16
   • CEG.US успешно актуализирован: 261.00
   • CIFR.US успешно актуализирован: 18.77
   • COPX.US успешно актуализирован: 80.65
   • GLDM.US успешно актуализирован: 89.81
   • GOOGL.US успешно актуализирован: 398.67
   • IGV.US успешно актуализирован: 93.28
   • LLY.US успешно актуализирован: 986.80
   • MELI.US успешно актуализирован: 1583.17
   • META.US успешно актуализирован: 608.47
   • MSFT.US успешно актуализирован: 423.82
   • NOW.US успешно актуализирован: 107.32
   • PG.US успешно актуализирован: 142.67
   • SOFI.US успешно актуализирован: 15.56
   • TSM.US успешно актуализирован: 389.76
   • UBER.US успешно актуализирован: 74.86
   • USAR.US успешно актуализирован: 21.01
   • VRTX.US успешно актуализирован: 434.70
   • WEAT.US успешно актуализирован: 25.18

⚡ [10:00:01] Прямой запуск обновления котировок акций...
💼 [Cron]: Обновляю 26 бумаг у брокера Freedom Broker (ID: 1)
📡 [REST FB]: Запрос котировок getStockQuotesJson для: ['AAPL.US', 'AMD.US', 'AMZN.US', 'APH.US', 'ASML.US', 'BA.US', 'BRK.B.US', 'CCJ.US', 'CEG.US', 'CIFR.US', 'COPX.US', 'GLDM.US', 'GOOGL.US', 'IGV.US', 'LLY.US', 'MELI.US', 'META.US', 'MSFT.US', 'NOW.US', 'PG.US', 'SOFI.US', 'TSM.US', 'UBER.US', 'USAR.US', 'VRTX.US', 'WEAT.US']
   • AAPL.US успешно актуализирован: 296.48
   • AMD.US успешно актуализирован: 414.41
   • AMZN.US успешно актуализирован: 263.23
   • APH.US успешно актуализирован: 120.28
   • ASML.US успешно актуализирован: 1455.82
   • BA.US успешно актуализирован: 219.51
   • BRK.B.US успешно актуализирован: 487.48
   • CCJ.US успешно актуализирован: 104.50
   • CEG.US успешно актуализирован: 261.49
   • CIFR.US успешно актуализирован: 18.78
   • COPX.US успешно актуализирован: 80.75
   • GLDM.US успешно актуализирован: 89.83
   • GOOGL.US успешно актуализирован: 399.35
   • IGV.US успешно актуализирован: 93.36
   • LLY.US успешно актуализирован: 987.28
   • MELI.US успешно актуализирован: 1583.17
   • META.US успешно актуализирован: 610.59
   • MSFT.US успешно актуализирован: 425.50
   • NOW.US успешно актуализирован: 107.85
   • PG.US успешно актуализирован: 142.67
   • SOFI.US успешно актуализирован: 15.60
   • TSM.US успешно актуализирован: 390.90
   • UBER.US успешно актуализирован: 74.88
   • USAR.US успешно актуализирован: 21.08
   • VRTX.US успешно актуализирован: 434.70
   • WEAT.US успешно актуализирован: 25.18

⚡ [10:15:04] Прямой запуск обновления котировок акций...
💼 [Cron]: Обновляю 26 бумаг у брокера Freedom Broker (ID: 1)
📡 [REST FB]: Запрос котировок getStockQuotesJson для: ['LLY.US', 'MELI.US', 'META.US', 'MSFT.US', 'NOW.US', 'PG.US', 'SOFI.US', 'TSM.US', 'UBER.US', 'USAR.US', 'VRTX.US', 'WEAT.US', 'AAPL.US', 'AMD.US', 'AMZN.US', 'APH.US', 'ASML.US', 'BA.US', 'BRK.B.US', 'CCJ.US', 'CEG.US', 'CIFR.US', 'COPX.US', 'GLDM.US', 'GOOGL.US', 'IGV.US']
   • AAPL.US успешно актуализирован: 296.34
   • AMD.US успешно актуализирован: 413.68
   • AMZN.US успешно актуализирован: 262.81
   • APH.US успешно актуализирован: 120.28
   • ASML.US успешно актуализирован: 1451.62
   • BA.US успешно актуализирован: 219.58
   • BRK.B.US успешно актуализирован: 488.00
   • CCJ.US успешно актуализирован: 104.92
   • CEG.US успешно актуализирован: 261.40
   • CIFR.US успешно актуализирован: 18.86
   • COPX.US успешно актуализирован: 80.89
   • GLDM.US успешно актуализирован: 89.83
   • GOOGL.US успешно актуализирован: 399.20
   • IGV.US успешно актуализирован: 93.49
   • LLY.US успешно актуализирован: 987.28
   • MELI.US успешно актуализирован: 1583.17
   • META.US успешно актуализирован: 609.21
   • MSFT.US успешно актуализирован: 425.80
   • NOW.US успешно актуализирован: 107.85
   • PG.US успешно актуализирован: 142.74
   • SOFI.US успешно актуализирован: 15.58
   • TSM.US успешно актуализирован: 390.30
   • UBER.US успешно актуализирован: 74.91
   • USAR.US успешно актуализирован: 20.98
   • VRTX.US успешно актуализирован: 434.70
   • WEAT.US успешно актуализирован: 25.36

⚡ [10:30:07] Прямой запуск обновления котировок акций...
💼 [Cron]: Обновляю 26 бумаг у брокера Freedom Broker (ID: 1)
📡 [REST FB]: Запрос котировок getStockQuotesJson для: ['AAPL.US', 'AMD.US', 'AMZN.US', 'APH.US', 'ASML.US', 'BA.US', 'BRK.B.US', 'CCJ.US', 'CEG.US', 'CIFR.US', 'COPX.US', 'GLDM.US', 'GOOGL.US', 'IGV.US', 'LLY.US', 'MELI.US', 'META.US', 'MSFT.US', 'NOW.US', 'PG.US', 'SOFI.US', 'TSM.US', 'UBER.US', 'USAR.US', 'VRTX.US', 'WEAT.US']
   • AAPL.US успешно актуализирован: 296.09
   • AMD.US успешно актуализирован: 414.33
   • AMZN.US успешно актуализирован: 262.78
   • APH.US успешно актуализирован: 120.86
   • ASML.US успешно актуализирован: 1451.87
   • BA.US успешно актуализирован: 219.75
   • BRK.B.US успешно актуализирован: 488.74
   • CCJ.US успешно актуализирован: 104.84
   • CEG.US успешно актуализирован: 261.86
   • CIFR.US успешно актуализирован: 18.79
   • COPX.US успешно актуализирован: 80.98
   • GLDM.US успешно актуализирован: 89.83
   • GOOGL.US успешно актуализирован: 398.89
   • IGV.US успешно актуализирован: 93.36
   • LLY.US успешно актуализирован: 987.49
   • MELI.US успешно актуализирован: 1583.17
   • META.US успешно актуализирован: 609.06
   • MSFT.US успешно актуализирован: 425.51
   • NOW.US успешно актуализирован: 107.80
   • PG.US успешно актуализирован: 142.76
   • SOFI.US успешно актуализирован: 15.56
   • TSM.US успешно актуализирован: 390.12
   • UBER.US успешно актуализирован: 74.91
   • USAR.US успешно актуализирован: 21.00
   • VRTX.US успешно актуализирован: 434.70
   • WEAT.US успешно актуализирован: 25.36

⚡ [10:45:09] Прямой запуск обновления котировок акций...
💼 [Cron]: Обновляю 26 бумаг у брокера Freedom Broker (ID: 1)
📡 [REST FB]: Запрос котировок getStockQuotesJson для: ['CCJ.US', 'CEG.US', 'CIFR.US', 'COPX.US', 'GLDM.US', 'GOOGL.US', 'IGV.US', 'LLY.US', 'MELI.US', 'META.US', 'MSFT.US', 'NOW.US', 'PG.US', 'SOFI.US', 'TSM.US', 'UBER.US', 'USAR.US', 'VRTX.US', 'WEAT.US', 'AAPL.US', 'AMD.US', 'AMZN.US', 'APH.US', 'ASML.US', 'BA.US', 'BRK.B.US']
   • AAPL.US успешно актуализирован: 295.74
   • AMD.US успешно актуализирован: 413.27
   • AMZN.US успешно актуализирован: 262.00
   • APH.US успешно актуализирован: 120.86
   • ASML.US успешно актуализирован: 1448.85
   • BA.US успешно актуализирован: 219.90
   • BRK.B.US успешно актуализирован: 488.37
   • CCJ.US успешно актуализирован: 104.70
   • CEG.US успешно актуализирован: 260.99
   • CIFR.US успешно актуализирован: 18.77
   • COPX.US успешно актуализирован: 80.90
   • GLDM.US успешно актуализирован: 89.55
   • GOOGL.US успешно актуализирован: 398.00
   • IGV.US успешно актуализирован: 93.30
   • LLY.US успешно актуализирован: 988.10
   • MELI.US успешно актуализирован: 1583.61
   • META.US успешно актуализирован: 608.42
   • MSFT.US успешно актуализирован: 424.50
   • NOW.US успешно актуализирован: 107.15
   • PG.US успешно актуализирован: 142.76
   • SOFI.US успешно актуализирован: 15.53
   • TSM.US успешно актуализирован: 389.39
   • UBER.US успешно актуализирован: 74.81
   • USAR.US успешно актуализирован: 20.99
   • VRTX.US успешно актуализирован: 434.70
   • WEAT.US успешно актуализирован: 25.36

⚡ [11:00:12] Прямой запуск обновления котировок акций...
💼 [Cron]: Обновляю 26 бумаг у брокера Freedom Broker (ID: 1)
📡 [REST FB]: Запрос котировок getStockQuotesJson для: ['AAPL.US', 'AMD.US', 'AMZN.US', 'APH.US', 'ASML.US', 'BA.US', 'BRK.B.US', 'CCJ.US', 'CEG.US', 'CIFR.US', 'COPX.US', 'GLDM.US', 'GOOGL.US', 'IGV.US', 'LLY.US', 'MELI.US', 'META.US', 'MSFT.US', 'NOW.US', 'PG.US', 'SOFI.US', 'TSM.US', 'UBER.US', 'USAR.US', 'VRTX.US', 'WEAT.US']
   • AAPL.US успешно актуализирован: 296.45
   • AMD.US успешно актуализирован: 415.00
   • AMZN.US успешно актуализирован: 263.02
   • APH.US успешно актуализирован: 120.86
   • ASML.US успешно актуализирован: 1456.54
   • BA.US успешно актуализирован: 219.90
   • BRK.B.US успешно актуализирован: 488.03
   • CCJ.US успешно актуализирован: 104.67
   • CEG.US успешно актуализирован: 261.00
   • CIFR.US успешно актуализирован: 18.87
   • COPX.US успешно актуализирован: 81.01
   • GLDM.US успешно актуализирован: 89.87
   • GOOGL.US успешно актуализирован: 398.86
   • IGV.US успешно актуализирован: 93.39
   • LLY.US успешно актуализирован: 985.94
   • MELI.US успешно актуализирован: 1583.00
   • META.US успешно актуализирован: 608.81
   • MSFT.US успешно актуализирован: 425.25
   • NOW.US успешно актуализирован: 107.60
   • PG.US успешно актуализирован: 142.70
   • SOFI.US успешно актуализирован: 15.59
   • TSM.US успешно актуализирован: 390.74
   • UBER.US успешно актуализирован: 74.86
   • USAR.US успешно актуализирован: 20.93
   • VRTX.US успешно актуализирован: 434.70
   • WEAT.US успешно актуализирован: 25.36

⚡ [11:15:14] Прямой запуск обновления котировок акций...
💼 [Cron]: Обновляю 26 бумаг у брокера Freedom Broker (ID: 1)
📡 [REST FB]: Запрос котировок getStockQuotesJson для: ['AAPL.US', 'AMD.US', 'AMZN.US', 'APH.US', 'ASML.US', 'BA.US', 'BRK.B.US', 'CCJ.US', 'CEG.US', 'CIFR.US', 'COPX.US', 'GLDM.US', 'GOOGL.US', 'IGV.US', 'LLY.US', 'MELI.US', 'META.US', 'MSFT.US', 'NOW.US', 'PG.US', 'SOFI.US', 'TSM.US', 'UBER.US', 'USAR.US', 'VRTX.US', 'WEAT.US']
   • AAPL.US успешно актуализирован: 295.73
   • AMD.US успешно актуализирован: 414.18
   • AMZN.US успешно актуализирован: 263.01
   • APH.US успешно актуализирован: 120.99
   • ASML.US успешно актуализирован: 1454.25
   • BA.US успешно актуализирован: 220.04
   • BRK.B.US успешно актуализирован: 488.00
   • CCJ.US успешно актуализирован: 104.71
   • CEG.US успешно актуализирован: 261.79
   • CIFR.US успешно актуализирован: 18.83
   • COPX.US успешно актуализирован: 81.19
   • GLDM.US успешно актуализирован: 89.95
   • GOOGL.US успешно актуализирован: 399.35
   • IGV.US успешно актуализирован: 94.01
   • LLY.US успешно актуализирован: 988.05
   • MELI.US успешно актуализирован: 1584.34
   • META.US успешно актуализирован: 609.30
   • MSFT.US успешно актуализирован: 427.50
   • NOW.US успешно актуализирован: 110.13
   • PG.US успешно актуализирован: 142.69
   • SOFI.US успешно актуализирован: 15.61
   • TSM.US успешно актуализирован: 389.92
   • UBER.US успешно актуализирован: 75.00
   • USAR.US успешно актуализирован: 20.98
   • VRTX.US успешно актуализирован: 434.70
   • WEAT.US успешно актуализирован: 25.36

⚡ [11:29:44] Прямой запуск обновления курсов валют...
📡 [Yahoo Forex]: Сбор валют из системного справочника public.currencies...
📊 [Yahoo Forex]: Запуск обновления для пар к USD: ['EUR', 'KZT', 'GBP', 'RUR']
   • Обновляю курс EUR -> USD... ✅ 1.162115
   • Обновляю курс KZT -> USD... ✅ 0.002121
   • Обновляю курс GBP -> USD... ✅ 1.340518
   • Обновляю курс RUR -> USD... ✅ 0.014037
🏁 [Yahoo Forex]: Синхронизация валютных курсов завершена.

⚡ [11:30:17] Прямой запуск обновления котировок акций...
💼 [Cron]: Обновляю 26 бумаг у брокера Freedom Broker (ID: 1)
📡 [REST FB]: Запрос котировок getStockQuotesJson для: ['PG.US', 'SOFI.US', 'TSM.US', 'UBER.US', 'USAR.US', 'VRTX.US', 'WEAT.US', 'AAPL.US', 'AMD.US', 'AMZN.US', 'APH.US', 'ASML.US', 'BA.US', 'BRK.B.US', 'CCJ.US', 'CEG.US', 'CIFR.US', 'COPX.US', 'GLDM.US', 'GOOGL.US', 'IGV.US', 'LLY.US', 'MELI.US', 'META.US', 'MSFT.US', 'NOW.US']
   • AAPL.US успешно актуализирован: 295.98
   • AMD.US успешно актуализирован: 414.64
   • AMZN.US успешно актуализирован: 263.07
   • APH.US успешно актуализирован: 121.00
   • ASML.US успешно актуализирован: 1452.47
   • BA.US успешно актуализирован: 220.12
   • BRK.B.US успешно актуализирован: 488.47
   • CCJ.US успешно актуализирован: 104.71
   • CEG.US успешно актуализирован: 261.73
   • CIFR.US успешно актуализирован: 18.78
   • COPX.US успешно актуализирован: 81.03
   • GLDM.US успешно актуализирован: 89.82
   • GOOGL.US успешно актуализирован: 399.12
   • IGV.US успешно актуализирован: 94.00
   • LLY.US успешно актуализирован: 988.32
   • MELI.US успешно актуализирован: 1584.29
   • META.US успешно актуализирован: 608.83
   • MSFT.US успешно актуализирован: 428.23
   • NOW.US успешно актуализирован: 109.52
   • PG.US успешно актуализирован: 142.78
   • SOFI.US успешно актуализирован: 15.61
   • TSM.US успешно актуализирован: 389.88
   • UBER.US успешно актуализирован: 75.23
   • USAR.US успешно актуализирован: 20.90
   • VRTX.US успешно актуализирован: 434.92
   • WEAT.US успешно актуализирован: 25.36

⚡ [11:45:19] Прямой запуск обновления котировок акций...
💼 [Cron]: Обновляю 26 бумаг у брокера Freedom Broker (ID: 1)
📡 [REST FB]: Запрос котировок getStockQuotesJson для: ['AAPL.US', 'AMD.US', 'AMZN.US', 'APH.US', 'ASML.US', 'BA.US', 'BRK.B.US', 'CCJ.US', 'CEG.US', 'CIFR.US', 'COPX.US', 'GLDM.US', 'GOOGL.US', 'IGV.US', 'LLY.US', 'MELI.US', 'META.US', 'MSFT.US', 'NOW.US', 'PG.US', 'SOFI.US', 'TSM.US', 'UBER.US', 'USAR.US', 'VRTX.US', 'WEAT.US']
   • AAPL.US успешно актуализирован: 295.67
   • AMD.US успешно актуализирован: 414.00
   • AMZN.US успешно актуализирован: 263.00
   • APH.US успешно актуализирован: 120.55
   • ASML.US успешно актуализирован: 1452.60
   • BA.US успешно актуализирован: 220.27
   • BRK.B.US успешно актуализирован: 488.38
   • CCJ.US успешно актуализирован: 104.70
   • CEG.US успешно актуализирован: 260.51
   • CIFR.US успешно актуализирован: 18.78
   • COPX.US успешно актуализирован: 81.02
   • GLDM.US успешно актуализирован: 89.85
   • GOOGL.US успешно актуализирован: 399.00
   • IGV.US успешно актуализирован: 93.93
   • LLY.US успешно актуализирован: 987.39
   • MELI.US успешно актуализирован: 1583.97
   • META.US успешно актуализирован: 609.00
   • MSFT.US успешно актуализирован: 428.10
   • NOW.US успешно актуализирован: 109.25
   • PG.US успешно актуализирован: 142.78
   • SOFI.US успешно актуализирован: 15.62
   • TSM.US успешно актуализирован: 390.65
   • UBER.US успешно актуализирован: 75.32
   • USAR.US успешно актуализирован: 20.91
   • VRTX.US успешно актуализирован: 434.67
   • WEAT.US успешно актуализирован: 25.36

⚡ [12:00:21] Прямой запуск обновления котировок акций...
💼 [Cron]: Обновляю 26 бумаг у брокера Freedom Broker (ID: 1)
📡 [REST FB]: Запрос котировок getStockQuotesJson для: ['GOOGL.US', 'IGV.US', 'LLY.US', 'MELI.US', 'META.US', 'MSFT.US', 'NOW.US', 'PG.US', 'SOFI.US', 'TSM.US', 'UBER.US', 'USAR.US', 'VRTX.US', 'WEAT.US', 'AAPL.US', 'AMD.US', 'AMZN.US', 'APH.US', 'ASML.US', 'BA.US', 'BRK.B.US', 'CCJ.US', 'CEG.US', 'CIFR.US', 'COPX.US', 'GLDM.US']
   • AAPL.US успешно актуализирован: 295.57
   • AMD.US успешно актуализирован: 413.24
   • AMZN.US успешно актуализирован: 262.68
   • APH.US успешно актуализирован: 120.27
   • ASML.US успешно актуализирован: 1447.82
   • BA.US успешно актуализирован: 219.90
   • BRK.B.US успешно актуализирован: 488.41
   • CCJ.US успешно актуализирован: 104.58
   • CEG.US успешно актуализирован: 260.38
   • CIFR.US успешно актуализирован: 18.73
   • COPX.US успешно актуализирован: 80.94
   • GLDM.US успешно актуализирован: 89.73
   • GOOGL.US успешно актуализирован: 398.83
   • IGV.US успешно актуализирован: 93.70
   • LLY.US успешно актуализирован: 988.11
   • MELI.US успешно актуализирован: 1584.41
   • META.US успешно актуализирован: 608.11
   • MSFT.US успешно актуализирован: 427.70
   • NOW.US успешно актуализирован: 108.79
   • PG.US успешно актуализирован: 142.52
   • SOFI.US успешно актуализирован: 15.59
   • TSM.US успешно актуализирован: 390.34
   • UBER.US успешно актуализирован: 75.05
   • USAR.US успешно актуализирован: 20.71
   • VRTX.US успешно актуализирован: 434.67
   • WEAT.US успешно актуализирован: 25.36

⚡ [12:15:23] Прямой запуск обновления котировок акций...
💼 [Cron]: Обновляю 26 бумаг у брокера Freedom Broker (ID: 1)
📡 [REST FB]: Запрос котировок getStockQuotesJson для: ['AAPL.US', 'AMD.US', 'AMZN.US', 'APH.US', 'ASML.US', 'BA.US', 'BRK.B.US', 'CCJ.US', 'CEG.US', 'CIFR.US', 'COPX.US', 'GLDM.US', 'GOOGL.US', 'IGV.US', 'LLY.US', 'MELI.US', 'META.US', 'MSFT.US', 'NOW.US', 'PG.US', 'SOFI.US', 'TSM.US', 'UBER.US', 'USAR.US', 'VRTX.US', 'WEAT.US']
   • AAPL.US успешно актуализирован: 296.00
   • AMD.US успешно актуализирован: 413.88
   • AMZN.US успешно актуализирован: 263.12
   • APH.US успешно актуализирован: 120.43
   • ASML.US успешно актуализирован: 1453.05
   • BA.US успешно актуализирован: 219.50
   • BRK.B.US успешно актуализирован: 488.30
   • CCJ.US успешно актуализирован: 104.44
   • CEG.US успешно актуализирован: 260.28
   • CIFR.US успешно актуализирован: 18.68
   • COPX.US успешно актуализирован: 80.94
   • GLDM.US успешно актуализирован: 89.86
   • GOOGL.US успешно актуализирован: 398.85
   • IGV.US успешно актуализирован: 93.80
   • LLY.US успешно актуализирован: 989.08
   • MELI.US успешно актуализирован: 1584.41
   • META.US успешно актуализирован: 608.79
   • MSFT.US успешно актуализирован: 427.89
   • NOW.US успешно актуализирован: 109.46
   • PG.US успешно актуализирован: 142.66
   • SOFI.US успешно актуализирован: 15.61
   • TSM.US успешно актуализирован: 390.00
   • UBER.US успешно актуализирован: 75.05
   • USAR.US успешно актуализирован: 20.79
   • VRTX.US успешно актуализирован: 434.69
   • WEAT.US успешно актуализирован: 25.36

⚡ [12:30:26] Прямой запуск обновления котировок акций...
💼 [Cron]: Обновляю 26 бумаг у брокера Freedom Broker (ID: 1)
📡 [REST FB]: Запрос котировок getStockQuotesJson для: ['BA.US', 'BRK.B.US', 'CCJ.US', 'CEG.US', 'CIFR.US', 'COPX.US', 'GLDM.US', 'GOOGL.US', 'IGV.US', 'LLY.US', 'MELI.US', 'META.US', 'MSFT.US', 'NOW.US', 'PG.US', 'SOFI.US', 'TSM.US', 'UBER.US', 'USAR.US', 'VRTX.US', 'WEAT.US', 'AAPL.US', 'AMD.US', 'AMZN.US', 'APH.US', 'ASML.US']
   • AAPL.US успешно актуализирован: 295.80
   • AMD.US успешно актуализирован: 413.11
   • AMZN.US успешно актуализирован: 262.80
   • APH.US успешно актуализирован: 120.43
   • ASML.US успешно актуализирован: 1453.00
   • BA.US успешно актуализирован: 219.58
   • BRK.B.US успешно актуализирован: 488.06
   • CCJ.US успешно актуализирован: 104.36
   • CEG.US успешно актуализирован: 260.20
   • CIFR.US успешно актуализирован: 18.68
   • COPX.US успешно актуализирован: 80.84
   • GLDM.US успешно актуализирован: 89.81
   • GOOGL.US успешно актуализирован: 399.28
   • IGV.US успешно актуализирован: 93.75
   • LLY.US успешно актуализирован: 988.06
   • MELI.US успешно актуализирован: 1585.48
   • META.US успешно актуализирован: 608.80
   • MSFT.US успешно актуализирован: 427.99
   • NOW.US успешно актуализирован: 108.79
   • PG.US успешно актуализирован: 142.72
   • SOFI.US успешно актуализирован: 15.60
   • TSM.US успешно актуализирован: 389.30
   • UBER.US успешно актуализирован: 75.05
   • USAR.US успешно актуализирован: 20.75
   • VRTX.US успешно актуализирован: 434.69
   • WEAT.US успешно актуализирован: 25.36

⚡ [12:45:28] Прямой запуск обновления котировок акций...
💼 [Cron]: Обновляю 26 бумаг у брокера Freedom Broker (ID: 1)
📡 [REST FB]: Запрос котировок getStockQuotesJson для: ['VRTX.US', 'WEAT.US', 'AAPL.US', 'AMD.US', 'AMZN.US', 'APH.US', 'ASML.US', 'BA.US', 'BRK.B.US', 'CCJ.US', 'CEG.US', 'CIFR.US', 'COPX.US', 'GLDM.US', 'GOOGL.US', 'IGV.US', 'LLY.US', 'MELI.US', 'META.US', 'MSFT.US', 'NOW.US', 'PG.US', 'SOFI.US', 'TSM.US', 'UBER.US', 'USAR.US']
   • AAPL.US успешно актуализирован: 295.89
   • AMD.US успешно актуализирован: 414.70
   • AMZN.US успешно актуализирован: 263.08
   • APH.US успешно актуализирован: 120.32
   • ASML.US успешно актуализирован: 1458.88
   • BA.US успешно актуализирован: 219.74
   • BRK.B.US успешно актуализирован: 488.24
   • CCJ.US успешно актуализирован: 104.48
   • CEG.US успешно актуализирован: 260.64
   • CIFR.US успешно актуализирован: 18.71
   • COPX.US успешно актуализирован: 81.08
   • GLDM.US успешно актуализирован: 89.83
   • GOOGL.US успешно актуализирован: 400.99
   • IGV.US успешно актуализирован: 93.64
   • LLY.US успешно актуализирован: 988.96
   • MELI.US успешно актуализирован: 1583.48
   • META.US успешно актуализирован: 609.00
   • MSFT.US успешно актуализирован: 427.60
   • NOW.US успешно актуализирован: 109.11
   • PG.US успешно актуализирован: 142.84
   • SOFI.US успешно актуализирован: 15.61
   • TSM.US успешно актуализирован: 390.63
   • UBER.US успешно актуализирован: 75.13
   • USAR.US успешно актуализирован: 20.82
   • VRTX.US успешно актуализирован: 434.69
   • WEAT.US успешно актуализирован: 25.10

⚡ [13:00:30] Прямой запуск обновления котировок акций...
💼 [Cron]: Обновляю 26 бумаг у брокера Freedom Broker (ID: 1)
📡 [REST FB]: Запрос котировок getStockQuotesJson для: ['AAPL.US', 'AMD.US', 'AMZN.US', 'APH.US', 'ASML.US', 'BA.US', 'BRK.B.US', 'CCJ.US', 'CEG.US', 'CIFR.US', 'COPX.US', 'GLDM.US', 'GOOGL.US', 'IGV.US', 'LLY.US', 'MELI.US', 'META.US', 'MSFT.US', 'NOW.US', 'PG.US', 'SOFI.US', 'TSM.US', 'UBER.US', 'USAR.US', 'VRTX.US', 'WEAT.US']
   • AAPL.US успешно актуализирован: 295.92
   • AMD.US успешно актуализирован: 414.59
   • AMZN.US успешно актуализирован: 263.60
   • APH.US успешно актуализирован: 120.40
   • ASML.US успешно актуализирован: 1455.89
   • BA.US успешно актуализирован: 219.96
   • BRK.B.US успешно актуализирован: 488.23
   • CCJ.US успешно актуализирован: 104.71
   • CEG.US успешно актуализирован: 260.56
   • CIFR.US успешно актуализирован: 18.70
   • COPX.US успешно актуализирован: 81.08
   • GLDM.US успешно актуализирован: 89.85
   • GOOGL.US успешно актуализирован: 400.71
   • IGV.US успешно актуализирован: 93.71
   • LLY.US успешно актуализирован: 987.19
   • MELI.US успешно актуализирован: 1585.68
   • META.US успешно актуализирован: 609.15
   • MSFT.US успешно актуализирован: 428.15
   • NOW.US успешно актуализирован: 109.39
   • PG.US успешно актуализирован: 142.87
   • SOFI.US успешно актуализирован: 15.61
   • TSM.US успешно актуализирован: 390.59
   • UBER.US успешно актуализирован: 75.05
   • USAR.US успешно актуализирован: 20.77
   • VRTX.US успешно актуализирован: 434.69
   • WEAT.US успешно актуализирован: 25.10

⚡ [13:15:33] Прямой запуск обновления котировок акций...
💼 [Cron]: Обновляю 26 бумаг у брокера Freedom Broker (ID: 1)
📡 [REST FB]: Запрос котировок getStockQuotesJson для: ['MSFT.US', 'NOW.US', 'PG.US', 'SOFI.US', 'TSM.US', 'UBER.US', 'USAR.US', 'VRTX.US', 'WEAT.US', 'AAPL.US', 'AMD.US', 'AMZN.US', 'APH.US', 'ASML.US', 'BA.US', 'BRK.B.US', 'CCJ.US', 'CEG.US', 'CIFR.US', 'COPX.US', 'GLDM.US', 'GOOGL.US', 'IGV.US', 'LLY.US', 'MELI.US', 'META.US']
   • AAPL.US успешно актуализирован: 295.54
   • AMD.US успешно актуализирован: 413.91
   • AMZN.US успешно актуализирован: 262.67
   • APH.US успешно актуализирован: 119.98
   • ASML.US успешно актуализирован: 1453.47
   • BA.US успешно актуализирован: 219.47
   • BRK.B.US успешно актуализирован: 488.07
   • CCJ.US успешно актуализирован: 104.31
   • CEG.US успешно актуализирован: 260.00
   • CIFR.US успешно актуализирован: 18.71
   • COPX.US успешно актуализирован: 80.55
   • GLDM.US успешно актуализирован: 89.47
   • GOOGL.US успешно актуализирован: 399.84
   • IGV.US успешно актуализирован: 93.67
   • LLY.US успешно актуализирован: 988.35
   • MELI.US успешно актуализирован: 1582.78
   • META.US успешно актуализирован: 607.35
   • MSFT.US успешно актуализирован: 429.30
   • NOW.US успешно актуализирован: 109.02
   • PG.US успешно актуализирован: 142.80
   • SOFI.US успешно актуализирован: 15.58
   • TSM.US успешно актуализирован: 390.20
   • UBER.US успешно актуализирован: 75.16
   • USAR.US успешно актуализирован: 20.79
   • VRTX.US успешно актуализирован: 433.99
   • WEAT.US успешно актуализирован: 25.10

⚡ [13:29:47] Прямой запуск обновления курсов валют...
📡 [Yahoo Forex]: Сбор валют из системного справочника public.currencies...
📊 [Yahoo Forex]: Запуск обновления для пар к USD: ['EUR', 'KZT', 'GBP', 'RUR']
   • Обновляю курс EUR -> USD... ✅ 1.160766
   • Обновляю курс KZT -> USD... ✅ 0.002122
   • Обновляю курс GBP -> USD... ✅ 1.338867
   • Обновляю курс RUR -> USD... ✅ 0.014048
🏁 [Yahoo Forex]: Синхронизация валютных курсов завершена.

⚡ [13:30:35] Прямой запуск обновления котировок акций...
💼 [Cron]: Обновляю 26 бумаг у брокера Freedom Broker (ID: 1)
📡 [REST FB]: Запрос котировок getStockQuotesJson для: ['AAPL.US', 'AMD.US', 'AMZN.US', 'APH.US', 'ASML.US', 'BA.US', 'BRK.B.US', 'CCJ.US', 'CEG.US', 'CIFR.US', 'COPX.US', 'GLDM.US', 'GOOGL.US', 'IGV.US', 'LLY.US', 'MELI.US', 'META.US', 'MSFT.US', 'NOW.US', 'PG.US', 'SOFI.US', 'TSM.US', 'UBER.US', 'USAR.US', 'VRTX.US', 'WEAT.US']
   • AAPL.US успешно актуализирован: 297.69
   • AMD.US успешно актуализирован: 415.25
   • AMZN.US успешно актуализирован: 261.89
   • APH.US успешно актуализирован: 119.56
   • ASML.US успешно актуализирован: 1455.04
   • BA.US успешно актуализирован: 218.49
   • BRK.B.US успешно актуализирован: 487.10
   • CCJ.US успешно актуализирован: 103.72
   • CEG.US успешно актуализирован: 260.71
   • CIFR.US успешно актуализирован: 18.45
   • COPX.US успешно актуализирован: 79.55
   • GLDM.US успешно актуализирован: 88.83
   • GOOGL.US успешно актуализирован: 395.15
   • IGV.US успешно актуализирован: 93.99
   • LLY.US успешно актуализирован: 990.29
   • MELI.US успешно актуализирован: 1594.13
   • META.US успешно актуализирован: 609.70
   • MSFT.US успешно актуализирован: 431.71
   • NOW.US успешно актуализирован: 107.89
   • PG.US успешно актуализирован: 142.43
   • SOFI.US успешно актуализирован: 15.54
   • TSM.US успешно актуализирован: 389.15
   • UBER.US успешно актуализирован: 75.75
   • USAR.US успешно актуализирован: 20.79
   • VRTX.US успешно актуализирован: 436.01
   • WEAT.US успешно актуализирован: 25.02
🔵 [WS DLM ТОРГОВЫЙ]: Триггер ордера! Вызов sync_manager...
🚀 [WS DLM ТОРГОВЫЙ]: База данных актуализирована по ордерам.
🔵 [WS DLM ТОРГОВЫЙ]: Триггер ордера! Вызов sync_manager...
🚀 [WS DLM ТОРГОВЫЙ]: База данных актуализирована по ордерам.

⚡ [13:45:37] Прямой запуск обновления котировок акций...
💼 [Cron]: Обновляю 26 бумаг у брокера Freedom Broker (ID: 1)
📡 [REST FB]: Запрос котировок getStockQuotesJson для: ['COPX.US', 'GLDM.US', 'GOOGL.US', 'IGV.US', 'LLY.US', 'MELI.US', 'META.US', 'MSFT.US', 'NOW.US', 'PG.US', 'SOFI.US', 'TSM.US', 'UBER.US', 'USAR.US', 'VRTX.US', 'WEAT.US', 'AAPL.US', 'AMD.US', 'AMZN.US', 'APH.US', 'ASML.US', 'BA.US', 'BRK.B.US', 'CCJ.US', 'CEG.US', 'CIFR.US']
   • AAPL.US успешно актуализирован: 300.05
   • AMD.US успешно актуализирован: 417.20
   • AMZN.US успешно актуализирован: 259.51
   • APH.US успешно актуализирован: 118.56
   • ASML.US успешно актуализирован: 1464.27
   • BA.US успешно актуализирован: 218.75
   • BRK.B.US успешно актуализирован: 485.68
   • CCJ.US успешно актуализирован: 102.63
   • CEG.US успешно актуализирован: 258.48
   • CIFR.US успешно актуализирован: 18.43
   • COPX.US успешно актуализирован: 79.16
   • GLDM.US успешно актуализирован: 88.63
   • GOOGL.US успешно актуализирован: 389.16
   • IGV.US успешно актуализирован: 93.70
   • LLY.US успешно актуализирован: 996.31
   • MELI.US успешно актуализирован: 1600.62
   • META.US успешно актуализирован: 606.50
   • MSFT.US успешно актуализирован: 426.77
   • NOW.US успешно актуализирован: 108.84
   • PG.US успешно актуализирован: 141.46
   • SOFI.US успешно актуализирован: 15.15
   • TSM.US успешно актуализирован: 391.85
   • UBER.US успешно актуализирован: 75.03
   • USAR.US успешно актуализирован: 20.20
   • VRTX.US успешно актуализирован: 436.05
   • WEAT.US успешно актуализирован: 25.18

⚡ [14:00:39] Прямой запуск обновления котировок акций...
💼 [Cron]: Обновляю 26 бумаг у брокера Freedom Broker (ID: 1)
📡 [REST FB]: Запрос котировок getStockQuotesJson для: ['AAPL.US', 'AMD.US', 'AMZN.US', 'APH.US', 'ASML.US', 'BA.US', 'BRK.B.US', 'CCJ.US', 'CEG.US', 'CIFR.US', 'COPX.US', 'GLDM.US', 'GOOGL.US', 'IGV.US', 'LLY.US', 'MELI.US', 'META.US', 'MSFT.US', 'NOW.US', 'PG.US', 'SOFI.US', 'TSM.US', 'UBER.US', 'USAR.US', 'VRTX.US', 'WEAT.US']
   • AAPL.US успешно актуализирован: 298.95
   • AMD.US успешно актуализирован: 404.74
   • AMZN.US успешно актуализирован: 260.11
   • APH.US успешно актуализирован: 118.84
   • ASML.US успешно актуализирован: 1458.61
   • BA.US успешно актуализирован: 219.00
   • BRK.B.US успешно актуализирован: 486.73
   • CCJ.US успешно актуализирован: 102.25
   • CEG.US успешно актуализирован: 259.26
   • CIFR.US успешно актуализирован: 18.43
   • COPX.US успешно актуализирован: 78.81
   • GLDM.US успешно актуализирован: 88.96
   • GOOGL.US успешно актуализирован: 391.22
   • IGV.US успешно актуализирован: 94.39
   • LLY.US успешно актуализирован: 1007.59
   • MELI.US успешно актуализирован: 1614.48
   • META.US успешно актуализирован: 611.86
   • MSFT.US успешно актуализирован: 428.90
   • NOW.US успешно актуализирован: 109.48
   • PG.US успешно актуализирован: 142.34
   • SOFI.US успешно актуализирован: 15.25
   • TSM.US успешно актуализирован: 390.00
   • UBER.US успешно актуализирован: 75.49
   • USAR.US успешно актуализирован: 20.03
   • VRTX.US успешно актуализирован: 435.84
   • WEAT.US успешно актуализирован: 25.14

⚡ [14:15:42] Прямой запуск обновления котировок акций...
💼 [Cron]: Обновляю 26 бумаг у брокера Freedom Broker (ID: 1)
📡 [REST FB]: Запрос котировок getStockQuotesJson для: ['APH.US', 'ASML.US', 'BA.US', 'BRK.B.US', 'CCJ.US', 'CEG.US', 'CIFR.US', 'COPX.US', 'GLDM.US', 'GOOGL.US', 'IGV.US', 'LLY.US', 'MELI.US', 'META.US', 'MSFT.US', 'NOW.US', 'PG.US', 'SOFI.US', 'TSM.US', 'UBER.US', 'USAR.US', 'VRTX.US', 'WEAT.US', 'AAPL.US', 'AMD.US', 'AMZN.US']
   • AAPL.US успешно актуализирован: 297.60
   • AMD.US успешно актуализирован: 395.60
   • AMZN.US успешно актуализирован: 257.58
   • APH.US успешно актуализирован: 118.38
   • ASML.US успешно актуализирован: 1447.37
   • BA.US успешно актуализирован: 218.94
   • BRK.B.US успешно актуализирован: 486.97
   • CCJ.US успешно актуализирован: 102.79
   • CEG.US успешно актуализирован: 258.35
   • CIFR.US успешно актуализирован: 17.96
   • COPX.US успешно актуализирован: 78.56
   • GLDM.US успешно актуализирован: 88.92
   • GOOGL.US успешно актуализирован: 390.89
   • IGV.US успешно актуализирован: 93.71
   • LLY.US успешно актуализирован: 1011.93
   • MELI.US успешно актуализирован: 1613.94
   • META.US успешно актуализирован: 609.75
   • MSFT.US успешно актуализирован: 426.37
   • NOW.US успешно актуализирован: 107.11
   • PG.US успешно актуализирован: 143.44
   • SOFI.US успешно актуализирован: 15.17
   • TSM.US успешно актуализирован: 386.62
   • UBER.US успешно актуализирован: 75.69
   • USAR.US успешно актуализирован: 19.57
   • VRTX.US успешно актуализирован: 438.78
   • WEAT.US успешно актуализирован: 25.15

⚡ [14:30:44] Прямой запуск обновления котировок акций...
💼 [Cron]: Обновляю 26 бумаг у брокера Freedom Broker (ID: 1)
📡 [REST FB]: Запрос котировок getStockQuotesJson для: ['UBER.US', 'USAR.US', 'VRTX.US', 'WEAT.US', 'AAPL.US', 'AMD.US', 'AMZN.US', 'APH.US', 'ASML.US', 'BA.US', 'BRK.B.US', 'CCJ.US', 'CEG.US', 'CIFR.US', 'COPX.US', 'GLDM.US', 'GOOGL.US', 'IGV.US', 'LLY.US', 'MELI.US', 'META.US', 'MSFT.US', 'NOW.US', 'PG.US', 'SOFI.US', 'TSM.US']
   • AAPL.US успешно актуализирован: 296.60
   • AMD.US успешно актуализирован: 394.92
   • AMZN.US успешно актуализирован: 257.32
   • APH.US успешно актуализирован: 118.34
   • ASML.US успешно актуализирован: 1448.51
   • BA.US успешно актуализирован: 218.68
   • BRK.B.US успешно актуализирован: 487.61
   • CCJ.US успешно актуализирован: 103.13
   • CEG.US успешно актуализирован: 256.85
   • CIFR.US успешно актуализирован: 17.83
   • COPX.US успешно актуализирован: 78.67
   • GLDM.US успешно актуализирован: 88.85
   • GOOGL.US успешно актуализирован: 389.52
   • IGV.US успешно актуализирован: 93.34
   • LLY.US успешно актуализирован: 1008.97
   • MELI.US успешно актуализирован: 1612.80
   • META.US успешно актуализирован: 608.42
   • MSFT.US успешно актуализирован: 425.23
   • NOW.US успешно актуализирован: 106.90
   • PG.US успешно актуализирован: 143.40
   • SOFI.US успешно актуализирован: 15.12
   • TSM.US успешно актуализирован: 386.34
   • UBER.US успешно актуализирован: 75.32
   • USAR.US успешно актуализирован: 19.45
   • VRTX.US успешно актуализирован: 439.89
   • WEAT.US успешно актуализирован: 25.17

⚡ [14:45:46] Прямой запуск обновления котировок акций...
💼 [Cron]: Обновляю 26 бумаг у брокера Freedom Broker (ID: 1)
📡 [REST FB]: Запрос котировок getStockQuotesJson для: ['AAPL.US', 'AMD.US', 'AMZN.US', 'APH.US', 'ASML.US', 'BA.US', 'BRK.B.US', 'CCJ.US', 'CEG.US', 'CIFR.US', 'COPX.US', 'GLDM.US', 'GOOGL.US', 'IGV.US', 'LLY.US', 'MELI.US', 'META.US', 'MSFT.US', 'NOW.US', 'PG.US', 'SOFI.US', 'TSM.US', 'UBER.US', 'USAR.US', 'VRTX.US', 'WEAT.US']
   • AAPL.US успешно актуализирован: 297.15
   • AMD.US успешно актуализирован: 397.77
   • AMZN.US успешно актуализирован: 257.18
   • APH.US успешно актуализирован: 118.56
   • ASML.US успешно актуализирован: 1447.77
   • BA.US успешно актуализирован: 219.08
   • BRK.B.US успешно актуализирован: 487.79
   • CCJ.US успешно актуализирован: 102.97
   • CEG.US успешно актуализирован: 257.03
   • CIFR.US успешно актуализирован: 17.90
   • COPX.US успешно актуализирован: 78.71
   • GLDM.US успешно актуализирован: 88.88
   • GOOGL.US успешно актуализирован: 388.95
   • IGV.US успешно актуализирован: 93.05
   • LLY.US успешно актуализирован: 1009.14
   • MELI.US успешно актуализирован: 1605.99
   • META.US успешно актуализирован: 606.20
   • MSFT.US успешно актуализирован: 423.21
   • NOW.US успешно актуализирован: 105.55
   • PG.US успешно актуализирован: 143.35
   • SOFI.US успешно актуализирован: 15.06
   • TSM.US успешно актуализирован: 387.39
   • UBER.US успешно актуализирован: 75.25
   • USAR.US успешно актуализирован: 19.54
   • VRTX.US успешно актуализирован: 441.76
   • WEAT.US успешно актуализирован: 25.15

⚡ [15:00:49] Прямой запуск обновления котировок акций...
💼 [Cron]: Обновляю 26 бумаг у брокера Freedom Broker (ID: 1)
📡 [REST FB]: Запрос котировок getStockQuotesJson для: ['MELI.US', 'META.US', 'MSFT.US', 'NOW.US', 'PG.US', 'SOFI.US', 'TSM.US', 'UBER.US', 'USAR.US', 'VRTX.US', 'WEAT.US', 'AAPL.US', 'AMD.US', 'AMZN.US', 'APH.US', 'ASML.US', 'BA.US', 'BRK.B.US', 'CCJ.US', 'CEG.US', 'CIFR.US', 'COPX.US', 'GLDM.US', 'GOOGL.US', 'IGV.US', 'LLY.US']
   • AAPL.US успешно актуализирован: 297.53
   • AMD.US успешно актуализирован: 403.90
   • AMZN.US успешно актуализирован: 256.95
   • APH.US успешно актуализирован: 119.18
   • ASML.US успешно актуализирован: 1456.39
   • BA.US успешно актуализирован: 219.14
   • BRK.B.US успешно актуализирован: 487.00
   • CCJ.US успешно актуализирован: 102.46
   • CEG.US успешно актуализирован: 256.42
   • CIFR.US успешно актуализирован: 17.98
   • COPX.US успешно актуализирован: 78.69
   • GLDM.US успешно актуализирован: 88.95
   • GOOGL.US успешно актуализирован: 389.10
   • IGV.US успешно актуализирован: 92.90
   • LLY.US успешно актуализирован: 1011.63
   • MELI.US успешно актуализирован: 1600.31
   • META.US успешно актуализирован: 606.10
   • MSFT.US успешно актуализирован: 423.21
   • NOW.US успешно актуализирован: 105.01
   • PG.US успешно актуализирован: 143.22
   • SOFI.US успешно актуализирован: 15.08
   • TSM.US успешно актуализирован: 389.57
   • UBER.US успешно актуализирован: 74.90
   • USAR.US успешно актуализирован: 19.59
   • VRTX.US успешно актуализирован: 443.71
   • WEAT.US успешно актуализирован: 25.10
🔵 [WS DLM ТОРГОВЫЙ]: Триггер ордера! Вызов sync_manager...
🟢 [WS DLM ТОРГОВЫЙ]: Изменение портфеля! Вызов sync_manager...
🚀 [WS DLM ТОРГОВЫЙ]: База данных актуализирована по ордерам.
🔵 [WS DLM ТОРГОВЫЙ]: Триггер ордера! Вызов sync_manager...
🚀 [WS DLM ТОРГОВЫЙ]: База данных актуализирована по портфелю.
🟢 [WS DLM ТОРГОВЫЙ]: Изменение портфеля! Вызов sync_manager...
🚀 [WS DLM ТОРГОВЫЙ]: База данных актуализирована по ордерам.
🔵 [WS DLM ТОРГОВЫЙ]: Триггер ордера! Вызов sync_manager...
🚀 [WS DLM ТОРГОВЫЙ]: База данных актуализирована по портфелю.
🚀 [WS DLM ТОРГОВЫЙ]: База данных актуализирована по ордерам.
🔵 [WS DLM ТОРГОВЫЙ]: Триггер ордера! Вызов sync_manager...
🚀 [WS DLM ТОРГОВЫЙ]: База данных актуализирована по ордерам.
🔵 [WS DLM ТОРГОВЫЙ]: Триггер ордера! Вызов sync_manager...
🚀 [WS DLM ТОРГОВЫЙ]: База данных актуализирована по ордерам.

⚡ [15:15:51] Прямой запуск обновления котировок акций...
💼 [Cron]: Обновляю 26 бумаг у брокера Freedom Broker (ID: 1)
📡 [REST FB]: Запрос котировок getStockQuotesJson для: ['AAPL.US', 'AMD.US', 'AMZN.US', 'APH.US', 'ASML.US', 'BA.US', 'BRK.B.US', 'CCJ.US', 'CEG.US', 'CIFR.US', 'COPX.US', 'GLDM.US', 'GOOGL.US', 'IGV.US', 'LLY.US', 'MELI.US', 'META.US', 'MSFT.US', 'NOW.US', 'PG.US', 'SOFI.US', 'TSM.US', 'UBER.US', 'USAR.US', 'VRTX.US', 'WEAT.US']
   • AAPL.US успешно актуализирован: 297.48
   • AMD.US успешно актуализирован: 406.88
   • AMZN.US успешно актуализирован: 256.92
   • APH.US успешно актуализирован: 119.36
   • ASML.US успешно актуализирован: 1457.79
   • BA.US успешно актуализирован: 219.25
   • BRK.B.US успешно актуализирован: 486.38
   • CCJ.US успешно актуализирован: 102.75
   • CEG.US успешно актуализирован: 257.49
   • CIFR.US успешно актуализирован: 18.14
   • COPX.US успешно актуализирован: 79.00
   • GLDM.US успешно актуализирован: 89.03
   • GOOGL.US успешно актуализирован: 388.80
   • IGV.US успешно актуализирован: 93.29
   • LLY.US успешно актуализирован: 1015.43
   • MELI.US успешно актуализирован: 1598.76
   • META.US успешно актуализирован: 606.72
   • MSFT.US успешно актуализирован: 423.34
   • NOW.US успешно актуализирован: 105.15
   • PG.US успешно актуализирован: 142.62
   • SOFI.US успешно актуализирован: 15.07
   • TSM.US успешно актуализирован: 390.04
   • UBER.US успешно актуализирован: 74.80
   • USAR.US успешно актуализирован: 19.82
   • VRTX.US успешно актуализирован: 443.27
   • WEAT.US успешно актуализирован: 25.11
🔵 [WS DLM ТОРГОВЫЙ]: Триггер ордера! Вызов sync_manager...
🟢 [WS DLM ТОРГОВЫЙ]: Изменение портфеля! Вызов sync_manager...
🚀 [WS DLM ТОРГОВЫЙ]: База данных актуализирована по портфелю.
🟢 [WS DLM ТОРГОВЫЙ]: Изменение портфеля! Вызов sync_manager...
🚀 [WS DLM ТОРГОВЫЙ]: База данных актуализирована по ордерам.
🔵 [WS DLM ТОРГОВЫЙ]: Триггер ордера! Вызов sync_manager...
🚀 [WS DLM ТОРГОВЫЙ]: База данных актуализирована по портфелю.
🟢 [WS DLM ТОРГОВЫЙ]: Изменение портфеля! Вызов sync_manager...
🚀 [WS DLM ТОРГОВЫЙ]: База данных актуализирована по ордерам.
🚀 [WS DLM ТОРГОВЫЙ]: База данных актуализирована по портфелю.
🟢 [WS DLM ТОРГОВЫЙ]: Изменение портфеля! Вызов sync_manager...
🔵 [WS DLM ТОРГОВЫЙ]: Триггер ордера! Вызов sync_manager...
🚀 [WS DLM ТОРГОВЫЙ]: База данных актуализирована по портфелю.
🟢 [WS DLM ТОРГОВЫЙ]: Изменение портфеля! Вызов sync_manager...
🚀 [WS DLM ТОРГОВЫЙ]: База данных актуализирована по ордерам.
🔵 [WS DLM ТОРГОВЫЙ]: Триггер ордера! Вызов sync_manager...
🚀 [WS DLM ТОРГОВЫЙ]: База данных актуализирована по портфелю.
🟢 [WS DLM ТОРГОВЫЙ]: Изменение портфеля! Вызов sync_manager...
🚀 [WS DLM ТОРГОВЫЙ]: База данных актуализирована по ордерам.
🚀 [WS DLM ТОРГОВЫЙ]: База данных актуализирована по портфелю.
🟢 [WS DLM ТОРГОВЫЙ]: Изменение портфеля! Вызов sync_manager...
🚀 [WS DLM ТОРГОВЫЙ]: База данных актуализирована по портфелю.
🟢 [WS DLM ТОРГОВЫЙ]: Изменение портфеля! Вызов sync_manager...
🚀 [WS DLM ТОРГОВЫЙ]: База данных актуализирована по портфелю.
🟢 [WS DLM ТОРГОВЫЙ]: Изменение портфеля! Вызов sync_manager...
🚀 [WS DLM ТОРГОВЫЙ]: База данных актуализирована по портфелю.

⚡ [15:29:50] Прямой запуск обновления курсов валют...
📡 [Yahoo Forex]: Сбор валют из системного справочника public.currencies...
📊 [Yahoo Forex]: Запуск обновления для пар к USD: ['EUR', 'KZT', 'GBP', 'RUR']
   • Обновляю курс EUR -> USD... ✅ 1.160093
   • Обновляю курс KZT -> USD... ✅ 0.002125
   • Обновляю курс GBP -> USD... ✅ 1.339656
   • Обновляю курс RUR -> USD... ✅ 0.014072
🏁 [Yahoo Forex]: Синхронизация валютных курсов завершена.

⚡ [15:30:53] Прямой запуск обновления котировок акций...
💼 [Cron]: Обновляю 26 бумаг у брокера Freedom Broker (ID: 1)
📡 [REST FB]: Запрос котировок getStockQuotesJson для: ['CEG.US', 'CIFR.US', 'COPX.US', 'GLDM.US', 'GOOGL.US', 'IGV.US', 'LLY.US', 'MELI.US', 'META.US', 'MSFT.US', 'NOW.US', 'PG.US', 'SOFI.US', 'TSM.US', 'UBER.US', 'USAR.US', 'VRTX.US', 'WEAT.US', 'AAPL.US', 'AMD.US', 'AMZN.US', 'APH.US', 'ASML.US', 'BA.US', 'BRK.B.US', 'CCJ.US']
   • AAPL.US успешно актуализирован: 297.23
   • AMD.US успешно актуализирован: 408.50
   • AMZN.US успешно актуализирован: 256.00
   • APH.US успешно актуализирован: 119.04
   • ASML.US успешно актуализирован: 1449.30
   • BA.US успешно актуализирован: 218.51
   • BRK.B.US успешно актуализирован: 486.77
   • CCJ.US успешно актуализирован: 103.01
   • CEG.US успешно актуализирован: 257.59
   • CIFR.US успешно актуализирован: 18.00
   • COPX.US успешно актуализирован: 78.89
   • GLDM.US успешно актуализирован: 89.03
   • GOOGL.US успешно актуализирован: 387.40
   • IGV.US успешно актуализирован: 92.53
   • LLY.US успешно актуализирован: 1014.00
   • MELI.US успешно актуализирован: 1597.67
   • META.US успешно актуализирован: 604.47
   • MSFT.US успешно актуализирован: 421.25
   • NOW.US успешно актуализирован: 103.39
   • PG.US успешно актуализирован: 142.55
   • SOFI.US успешно актуализирован: 15.01
   • TSM.US успешно актуализирован: 389.28
   • UBER.US успешно актуализирован: 74.33
   • USAR.US успешно актуализирован: 19.71
   • VRTX.US успешно актуализирован: 442.01
   • WEAT.US успешно актуализирован: 25.22

⚡ [15:45:56] Прямой запуск обновления котировок акций...
💼 [Cron]: Обновляю 26 бумаг у брокера Freedom Broker (ID: 1)
📡 [REST FB]: Запрос котировок getStockQuotesJson для: ['AAPL.US', 'AMD.US', 'AMZN.US', 'APH.US', 'ASML.US', 'BA.US', 'BRK.B.US', 'CCJ.US', 'CEG.US', 'CIFR.US', 'COPX.US', 'GLDM.US', 'GOOGL.US', 'IGV.US', 'LLY.US', 'MELI.US', 'META.US', 'MSFT.US', 'NOW.US', 'PG.US', 'SOFI.US', 'TSM.US', 'UBER.US', 'USAR.US', 'VRTX.US', 'WEAT.US']
   • AAPL.US успешно актуализирован: 297.23
   • AMD.US успешно актуализирован: 409.84
   • AMZN.US успешно актуализирован: 255.86
   • APH.US успешно актуализирован: 119.23
   • ASML.US успешно актуализирован: 1454.46
   • BA.US успешно актуализирован: 218.87
   • BRK.B.US успешно актуализирован: 486.60
   • CCJ.US успешно актуализирован: 103.16
   • CEG.US успешно актуализирован: 257.87
   • CIFR.US успешно актуализирован: 18.28
   • COPX.US успешно актуализирован: 79.13
   • GLDM.US успешно актуализирован: 89.07
   • GOOGL.US успешно актуализирован: 387.44
   • IGV.US успешно актуализирован: 92.50
   • LLY.US успешно актуализирован: 1012.75
   • MELI.US успешно актуализирован: 1599.35
   • META.US успешно актуализирован: 604.16
   • MSFT.US успешно актуализирован: 420.19
   • NOW.US успешно актуализирован: 102.88
   • PG.US успешно актуализирован: 142.25
   • SOFI.US успешно актуализирован: 15.07
   • TSM.US успешно актуализирован: 391.64
   • UBER.US успешно актуализирован: 74.84
   • USAR.US успешно актуализирован: 19.93
   • VRTX.US успешно актуализирован: 440.65
   • WEAT.US успешно актуализирован: 25.23

⚡ [16:00:58] Прямой запуск обновления котировок акций...
💼 [Cron]: Обновляю 26 бумаг у брокера Freedom Broker (ID: 1)
📡 [REST FB]: Запрос котировок getStockQuotesJson для: ['AMD.US', 'AMZN.US', 'APH.US', 'ASML.US', 'BA.US', 'BRK.B.US', 'CCJ.US', 'CEG.US', 'CIFR.US', 'COPX.US', 'GLDM.US', 'GOOGL.US', 'IGV.US', 'LLY.US', 'MELI.US', 'META.US', 'MSFT.US', 'NOW.US', 'PG.US', 'SOFI.US', 'TSM.US', 'UBER.US', 'USAR.US', 'VRTX.US', 'WEAT.US', 'AAPL.US']
   • AAPL.US успешно актуализирован: 297.29
   • AMD.US успешно актуализирован: 408.56
   • AMZN.US успешно актуализирован: 255.80
   • APH.US успешно актуализирован: 119.08
   • ASML.US успешно актуализирован: 1456.71
   • BA.US успешно актуализирован: 218.79
   • BRK.B.US успешно актуализирован: 486.80
   • CCJ.US успешно актуализирован: 103.57
   • CEG.US успешно актуализирован: 257.96
   • CIFR.US успешно актуализирован: 18.18
   • COPX.US успешно актуализирован: 79.25
   • GLDM.US успешно актуализирован: 89.23
   • GOOGL.US успешно актуализирован: 387.13
   • IGV.US успешно актуализирован: 92.18
   • LLY.US успешно актуализирован: 1012.76
   • MELI.US успешно актуализирован: 1593.58
   • META.US успешно актуализирован: 603.20
   • MSFT.US успешно актуализирован: 419.69
   • NOW.US успешно актуализирован: 102.28
   • PG.US успешно актуализирован: 142.35
   • SOFI.US успешно актуализирован: 15.07
   • TSM.US успешно актуализирован: 393.30
   • UBER.US успешно актуализирован: 74.75
   • USAR.US успешно актуализирован: 19.93
   • VRTX.US успешно актуализирован: 441.98
   • WEAT.US успешно актуализирован: 25.19

⚡ [16:16:00] Прямой запуск обновления котировок акций...
💼 [Cron]: Обновляю 26 бумаг у брокера Freedom Broker (ID: 1)
📡 [REST FB]: Запрос котировок getStockQuotesJson для: ['SOFI.US', 'TSM.US', 'UBER.US', 'USAR.US', 'VRTX.US', 'WEAT.US', 'AAPL.US', 'AMD.US', 'AMZN.US', 'APH.US', 'ASML.US', 'BA.US', 'BRK.B.US', 'CCJ.US', 'CEG.US', 'CIFR.US', 'COPX.US', 'GLDM.US', 'GOOGL.US', 'IGV.US', 'LLY.US', 'MELI.US', 'META.US', 'MSFT.US', 'NOW.US', 'PG.US']
   • AAPL.US успешно актуализирован: 296.87
   • AMD.US успешно актуализирован: 411.05
   • AMZN.US успешно актуализирован: 256.09
   • APH.US успешно актуализирован: 119.09
   • ASML.US успешно актуализирован: 1458.44
   • BA.US успешно актуализирован: 219.17
   • BRK.B.US успешно актуализирован: 486.44
   • CCJ.US успешно актуализирован: 102.98
   • CEG.US успешно актуализирован: 257.65
   • CIFR.US успешно актуализирован: 18.05
   • COPX.US успешно актуализирован: 79.14
   • GLDM.US успешно актуализирован: 89.06
   • GOOGL.US успешно актуализирован: 386.79
   • IGV.US успешно актуализирован: 92.18
   • LLY.US успешно актуализирован: 1010.89
   • MELI.US успешно актуализирован: 1593.57
   • META.US успешно актуализирован: 602.64
   • MSFT.US успешно актуализирован: 419.18
   • NOW.US успешно актуализирован: 102.44
   • PG.US успешно актуализирован: 142.43
   • SOFI.US успешно актуализирован: 15.06
   • TSM.US успешно актуализирован: 394.64
   • UBER.US успешно актуализирован: 74.58
   • USAR.US успешно актуализирован: 19.86
   • VRTX.US успешно актуализирован: 441.31
   • WEAT.US успешно актуализирован: 25.20

⚡ [16:31:03] Прямой запуск обновления котировок акций...
💼 [Cron]: Обновляю 26 бумаг у брокера Freedom Broker (ID: 1)
📡 [REST FB]: Запрос котировок getStockQuotesJson для: ['AAPL.US', 'AMD.US', 'AMZN.US', 'APH.US', 'ASML.US', 'BA.US', 'BRK.B.US', 'CCJ.US', 'CEG.US', 'CIFR.US', 'COPX.US', 'GLDM.US', 'GOOGL.US', 'IGV.US', 'LLY.US', 'MELI.US', 'META.US', 'MSFT.US', 'NOW.US', 'PG.US', 'SOFI.US', 'TSM.US', 'UBER.US', 'USAR.US', 'VRTX.US', 'WEAT.US']
   • AAPL.US успешно актуализирован: 297.51
   • AMD.US успешно актуализирован: 415.33
   • AMZN.US успешно актуализирован: 256.32
   • APH.US успешно актуализирован: 119.20
   • ASML.US успешно актуализирован: 1467.21
   • BA.US успешно актуализирован: 218.89
   • BRK.B.US успешно актуализирован: 486.00
   • CCJ.US успешно актуализирован: 103.23
   • CEG.US успешно актуализирован: 257.28
   • CIFR.US успешно актуализирован: 18.16
   • COPX.US успешно актуализирован: 79.42
   • GLDM.US успешно актуализирован: 89.23
   • GOOGL.US успешно актуализирован: 388.09
   • IGV.US успешно актуализирован: 91.87
   • LLY.US успешно актуализирован: 1012.35
   • MELI.US успешно актуализирован: 1589.75
   • META.US успешно актуализирован: 602.01
   • MSFT.US успешно актуализирован: 417.40
   • NOW.US успешно актуализирован: 101.43
   • PG.US успешно актуализирован: 142.37
   • SOFI.US успешно актуализирован: 15.11
   • TSM.US успешно актуализирован: 396.30
   • UBER.US успешно актуализирован: 74.20
   • USAR.US успешно актуализирован: 19.97
   • VRTX.US успешно актуализирован: 441.06
   • WEAT.US успешно актуализирован: 25.18

⚡ [16:46:05] Прямой запуск обновления котировок акций...
💼 [Cron]: Обновляю 26 бумаг у брокера Freedom Broker (ID: 1)
📡 [REST FB]: Запрос котировок getStockQuotesJson для: ['IGV.US', 'LLY.US', 'MELI.US', 'META.US', 'MSFT.US', 'NOW.US', 'PG.US', 'SOFI.US', 'TSM.US', 'UBER.US', 'USAR.US', 'VRTX.US', 'WEAT.US', 'AAPL.US', 'AMD.US', 'AMZN.US', 'APH.US', 'ASML.US', 'BA.US', 'BRK.B.US', 'CCJ.US', 'CEG.US', 'CIFR.US', 'COPX.US', 'GLDM.US', 'GOOGL.US']
   • AAPL.US успешно актуализирован: 297.85
   • AMD.US успешно актуализирован: 418.82
   • AMZN.US успешно актуализирован: 256.73
   • APH.US успешно актуализирован: 119.28WARNING:aiogram.dispatcher:Received SIGTERM signal
INFO:aiogram.dispatcher:Polling stopped for bot @UnitedPortfolios_bot id=8763783873 - 'UPort Assistant'
INFO:aiogram.dispatcher:Polling stopped
=== 🚀 [UPort Система] Глобальный запуск семейной экосистемы ===
🧠 [Оркестратор]: Анализ конфигурации пользователей из таблицы users...
🤖 [Оркестратор]: Ленивая загрузка компонентов Telegram-бота...
Traceback (most recent call last):
  File "/root/UPort/main.py", line 87, in <module>
    asyncio.run(start_uport_system())
  File "/usr/lib/python3.12/asyncio/runners.py", line 194, in run
    return runner.run(main)
           ^^^^^^^^^^^^^^^^
  File "/usr/lib/python3.12/asyncio/runners.py", line 118, in run
    return self._loop.run_until_complete(task)
           ^^^^^^^^^^^^^^^^^^^^^^^^^^^^^^^^^^^
  File "/usr/lib/python3.12/asyncio/base_events.py", line 687, in run_until_complete
    return future.result()
           ^^^^^^^^^^^^^^^
  File "/root/UPort/main.py", line 40, in start_uport_system
    from uport_ai_bot import bot, dp, sync_manager
  File "/root/UPort/uport_ai_bot.py", line 116, in <module>
    @dp.callback_query(MenuAction.filter(action="main_menu"))
                       ^^^^^^^^^^^^^^^^^^^^^^^^^^^^^^^^^^^^^
TypeError: CallbackData.filter() got an unexpected keyword argument 'action'
=== 🚀 [UPort Система] Глобальный запуск семейной экосистемы ===
🧠 [Оркестратор]: Анализ конфигурации пользователей из таблицы users...
🤖 [Оркестратор]: Ленивая загрузка компонентов Telegram-бота...
Traceback (most recent call last):
  File "/root/UPort/main.py", line 87, in <module>
    asyncio.run(start_uport_system())
  File "/usr/lib/python3.12/asyncio/runners.py", line 194, in run
    return runner.run(main)
           ^^^^^^^^^^^^^^^^
  File "/usr/lib/python3.12/asyncio/runners.py", line 118, in run
    return self._loop.run_until_complete(task)
           ^^^^^^^^^^^^^^^^^^^^^^^^^^^^^^^^^^^
  File "/usr/lib/python3.12/asyncio/base_events.py", line 687, in run_until_complete
    return future.result()
           ^^^^^^^^^^^^^^^
  File "/root/UPort/main.py", line 40, in start_uport_system
    from uport_ai_bot import bot, dp, sync_manager
  File "/root/UPort/uport_ai_bot.py", line 116, in <module>
    @dp.callback_query(MenuAction.filter(action="main_menu"))
                       ^^^^^^^^^^^^^^^^^^^^^^^^^^^^^^^^^^^^^
TypeError: CallbackData.filter() got an unexpected keyword argument 'action'
=== 🚀 [UPort Система] Глобальный запуск семейной экосистемы ===
🧠 [Оркестратор]: Анализ конфигурации пользователей из таблицы users...
🤖 [Оркестратор]: Ленивая загрузка компонентов Telegram-бота...
Traceback (most recent call last):
  File "/root/UPort/main.py", line 87, in <module>
    asyncio.run(start_uport_system())
  File "/usr/lib/python3.12/asyncio/runners.py", line 194, in run
    return runner.run(main)
           ^^^^^^^^^^^^^^^^
  File "/usr/lib/python3.12/asyncio/runners.py", line 118, in run
    return self._loop.run_until_complete(task)
           ^^^^^^^^^^^^^^^^^^^^^^^^^^^^^^^^^^^
  File "/usr/lib/python3.12/asyncio/base_events.py", line 687, in run_until_complete
    return future.result()
           ^^^^^^^^^^^^^^^
  File "/root/UPort/main.py", line 40, in start_uport_system
    from uport_ai_bot import bot, dp, sync_manager
  File "/root/UPort/uport_ai_bot.py", line 116, in <module>
    @dp.callback_query(MenuAction.filter(action="main_menu"))
                       ^^^^^^^^^^^^^^^^^^^^^^^^^^^^^^^^^^^^^
TypeError: CallbackData.filter() got an unexpected keyword argument 'action'
=== 🚀 [UPort Система] Глобальный запуск семейной экосистемы ===
🧠 [Оркестратор]: Анализ конфигурации пользователей из таблицы users...
🤖 [Оркестратор]: Ленивая загрузка компонентов Telegram-бота...
Traceback (most recent call last):
  File "/root/UPort/main.py", line 87, in <module>
    asyncio.run(start_uport_system())
  File "/usr/lib/python3.12/asyncio/runners.py", line 194, in run
    return runner.run(main)
           ^^^^^^^^^^^^^^^^
  File "/usr/lib/python3.12/asyncio/runners.py", line 118, in run
    return self._loop.run_until_complete(task)
           ^^^^^^^^^^^^^^^^^^^^^^^^^^^^^^^^^^^
  File "/usr/lib/python3.12/asyncio/base_events.py", line 687, in run_until_complete
    return future.result()
           ^^^^^^^^^^^^^^^
  File "/root/UPort/main.py", line 40, in start_uport_system
    from uport_ai_bot import bot, dp, sync_manager
  File "/root/UPort/uport_ai_bot.py", line 116, in <module>
    @dp.callback_query(MenuAction.filter(action="main_menu"))
                       ^^^^^^^^^^^^^^^^^^^^^^^^^^^^^^^^^^^^^
TypeError: CallbackData.filter() got an unexpected keyword argument 'action'
=== 🚀 [UPort Система] Глобальный запуск семейной экосистемы ===
🧠 [Оркестратор]: Анализ конфигурации пользователей из таблицы users...
🤖 [Оркестратор]: Ленивая загрузка компонентов Telegram-бота...
Traceback (most recent call last):
  File "/root/UPort/main.py", line 87, in <module>
    asyncio.run(start_uport_system())
  File "/usr/lib/python3.12/asyncio/runners.py", line 194, in run
    return runner.run(main)
           ^^^^^^^^^^^^^^^^
  File "/usr/lib/python3.12/asyncio/runners.py", line 118, in run
    return self._loop.run_until_complete(task)
           ^^^^^^^^^^^^^^^^^^^^^^^^^^^^^^^^^^^
  File "/usr/lib/python3.12/asyncio/base_events.py", line 687, in run_until_complete
    return future.result()
           ^^^^^^^^^^^^^^^
  File "/root/UPort/main.py", line 40, in start_uport_system
    from uport_ai_bot import bot, dp, sync_manager
  File "/root/UPort/uport_ai_bot.py", line 116, in <module>
    @dp.callback_query(MenuAction.filter(action="main_menu"))
                       ^^^^^^^^^^^^^^^^^^^^^^^^^^^^^^^^^^^^^
TypeError: CallbackData.filter() got an unexpected keyword argument 'action'
=== 🚀 [UPort Система] Глобальный запуск семейной экосистемы ===
🧠 [Оркестратор]: Анализ конфигурации пользователей из таблицы users...
🤖 [Оркестратор]: Ленивая загрузка компонентов Telegram-бота...
Traceback (most recent call last):
  File "/root/UPort/main.py", line 87, in <module>
    asyncio.run(start_uport_system())
  File "/usr/lib/python3.12/asyncio/runners.py", line 194, in run
    return runner.run(main)
           ^^^^^^^^^^^^^^^^
  File "/usr/lib/python3.12/asyncio/runners.py", line 118, in run
    return self._loop.run_until_complete(task)
           ^^^^^^^^^^^^^^^^^^^^^^^^^^^^^^^^^^^
  File "/usr/lib/python3.12/asyncio/base_events.py", line 687, in run_until_complete
    return future.result()
           ^^^^^^^^^^^^^^^
  File "/root/UPort/main.py", line 40, in start_uport_system
    from uport_ai_bot import bot, dp, sync_manager
  File "/root/UPort/uport_ai_bot.py", line 116, in <module>
    @dp.callback_query(MenuAction.filter(action="main_menu"))
                       ^^^^^^^^^^^^^^^^^^^^^^^^^^^^^^^^^^^^^
TypeError: CallbackData.filter() got an unexpected keyword argument 'action'
=== 🚀 [UPort Система] Глобальный запуск семейной экосистемы ===
🧠 [Оркестратор]: Анализ конфигурации пользователей из таблицы users...
🤖 [Оркестратор]: Ленивая загрузка компонентов Telegram-бота...
Traceback (most recent call last):
  File "/root/UPort/main.py", line 87, in <module>
    asyncio.run(start_uport_system())
  File "/usr/lib/python3.12/asyncio/runners.py", line 194, in run
    return runner.run(main)
           ^^^^^^^^^^^^^^^^
  File "/usr/lib/python3.12/asyncio/runners.py", line 118, in run
    return self._loop.run_until_complete(task)
           ^^^^^^^^^^^^^^^^^^^^^^^^^^^^^^^^^^^
  File "/usr/lib/python3.12/asyncio/base_events.py", line 687, in run_until_complete
    return future.result()
           ^^^^^^^^^^^^^^^
  File "/root/UPort/main.py", line 40, in start_uport_system
    from uport_ai_bot import bot, dp, sync_manager
  File "/root/UPort/uport_ai_bot.py", line 116, in <module>
    @dp.callback_query(MenuAction.filter(action="main_menu"))
                       ^^^^^^^^^^^^^^^^^^^^^^^^^^^^^^^^^^^^^
TypeError: CallbackData.filter() got an unexpected keyword argument 'action'
=== 🚀 [UPort Система] Глобальный запуск семейной экосистемы ===
🧠 [Оркестратор]: Анализ конфигурации пользователей из таблицы users...
🤖 [Оркестратор]: Ленивая загрузка компонентов Telegram-бота...
Traceback (most recent call last):
  File "/root/UPort/main.py", line 87, in <module>
    asyncio.run(start_uport_system())
  File "/usr/lib/python3.12/asyncio/runners.py", line 194, in run
    return runner.run(main)
           ^^^^^^^^^^^^^^^^
  File "/usr/lib/python3.12/asyncio/runners.py", line 118, in run
    return self._loop.run_until_complete(task)
           ^^^^^^^^^^^^^^^^^^^^^^^^^^^^^^^^^^^
  File "/usr/lib/python3.12/asyncio/base_events.py", line 687, in run_until_complete
    return future.result()
           ^^^^^^^^^^^^^^^
  File "/root/UPort/main.py", line 40, in start_uport_system
    from uport_ai_bot import bot, dp, sync_manager
  File "/root/UPort/uport_ai_bot.py", line 116, in <module>
    @dp.callback_query(MenuAction.filter(action="main_menu"))
                       ^^^^^^^^^^^^^^^^^^^^^^^^^^^^^^^^^^^^^
TypeError: CallbackData.filter() got an unexpected keyword argument 'action'
=== 🚀 [UPort Система] Глобальный запуск семейной экосистемы ===
🧠 [Оркестратор]: Анализ конфигурации пользователей из таблицы users...
🤖 [Оркестратор]: Ленивая загрузка компонентов Telegram-бота...
Traceback (most recent call last):
  File "/root/UPort/main.py", line 87, in <module>
    asyncio.run(start_uport_system())
  File "/usr/lib/python3.12/asyncio/runners.py", line 194, in run
    return runner.run(main)
           ^^^^^^^^^^^^^^^^
  File "/usr/lib/python3.12/asyncio/runners.py", line 118, in run
    return self._loop.run_until_complete(task)
           ^^^^^^^^^^^^^^^^^^^^^^^^^^^^^^^^^^^
  File "/usr/lib/python3.12/asyncio/base_events.py", line 687, in run_until_complete
    return future.result()
           ^^^^^^^^^^^^^^^
  File "/root/UPort/main.py", line 40, in start_uport_system
    from uport_ai_bot import bot, dp, sync_manager
  File "/root/UPort/uport_ai_bot.py", line 116, in <module>
    @dp.callback_query(MenuAction.filter(action="main_menu"))
                       ^^^^^^^^^^^^^^^^^^^^^^^^^^^^^^^^^^^^^
TypeError: CallbackData.filter() got an unexpected keyword argument 'action'
=== 🚀 [UPort Система] Глобальный запуск семейной экосистемы ===
🧠 [Оркестратор]: Анализ конфигурации пользователей из таблицы users...
🤖 [Оркестратор]: Ленивая загрузка компонентов Telegram-бота...
Traceback (most recent call last):
  File "/root/UPort/main.py", line 87, in <module>
    asyncio.run(start_uport_system())
  File "/usr/lib/python3.12/asyncio/runners.py", line 194, in run
    return runner.run(main)
           ^^^^^^^^^^^^^^^^
  File "/usr/lib/python3.12/asyncio/runners.py", line 118, in run
    return self._loop.run_until_complete(task)
           ^^^^^^^^^^^^^^^^^^^^^^^^^^^^^^^^^^^
  File "/usr/lib/python3.12/asyncio/base_events.py", line 687, in run_until_complete
    return future.result()
           ^^^^^^^^^^^^^^^
  File "/root/UPort/main.py", line 40, in start_uport_system
    from uport_ai_bot import bot, dp, sync_manager
  File "/root/UPort/uport_ai_bot.py", line 116, in <module>
    @dp.callback_query(MenuAction.filter(action="main_menu"))
                       ^^^^^^^^^^^^^^^^^^^^^^^^^^^^^^^^^^^^^
TypeError: CallbackData.filter() got an unexpected keyword argument 'action'
=== 🚀 [UPort Система] Глобальный запуск семейной экосистемы ===
🧠 [Оркестратор]: Анализ конфигурации пользователей из таблицы users...
🤖 [Оркестратор]: Ленивая загрузка компонентов Telegram-бота...
Traceback (most recent call last):
  File "/root/UPort/main.py", line 87, in <module>
    asyncio.run(start_uport_system())
  File "/usr/lib/python3.12/asyncio/runners.py", line 194, in run
    return runner.run(main)
           ^^^^^^^^^^^^^^^^
  File "/usr/lib/python3.12/asyncio/runners.py", line 118, in run
    return self._loop.run_until_complete(task)
           ^^^^^^^^^^^^^^^^^^^^^^^^^^^^^^^^^^^
  File "/usr/lib/python3.12/asyncio/base_events.py", line 687, in run_until_complete
    return future.result()
           ^^^^^^^^^^^^^^^
  File "/root/UPort/main.py", line 40, in start_uport_system
    from uport_ai_bot import bot, dp, sync_manager
  File "/root/UPort/uport_ai_bot.py", line 116, in <module>
    @dp.callback_query(MenuAction.filter(action="main_menu"))
                       ^^^^^^^^^^^^^^^^^^^^^^^^^^^^^^^^^^^^^
TypeError: CallbackData.filter() got an unexpected keyword argument 'action'
=== 🚀 [UPort Система] Глобальный запуск семейной экосистемы ===
🧠 [Оркестратор]: Анализ конфигурации пользователей из таблицы users...
🤖 [Оркестратор]: Ленивая загрузка компонентов Telegram-бота...
Traceback (most recent call last):
  File "/root/UPort/main.py", line 87, in <module>
    asyncio.run(start_uport_system())
  File "/usr/lib/python3.12/asyncio/runners.py", line 194, in run
    return runner.run(main)
           ^^^^^^^^^^^^^^^^
  File "/usr/lib/python3.12/asyncio/runners.py", line 118, in run
    return self._loop.run_until_complete(task)
           ^^^^^^^^^^^^^^^^^^^^^^^^^^^^^^^^^^^
  File "/usr/lib/python3.12/asyncio/base_events.py", line 687, in run_until_complete
    return future.result()
           ^^^^^^^^^^^^^^^
  File "/root/UPort/main.py", line 40, in start_uport_system
    from uport_ai_bot import bot, dp, sync_manager
  File "/root/UPort/uport_ai_bot.py", line 116, in <module>
    @dp.callback_query(MenuAction.filter(action="main_menu"))
                       ^^^^^^^^^^^^^^^^^^^^^^^^^^^^^^^^^^^^^
TypeError: CallbackData.filter() got an unexpected keyword argument 'action'
=== 🚀 [UPort Система] Глобальный запуск семейной экосистемы ===
🧠 [Оркестратор]: Анализ конфигурации пользователей из таблицы users...
🤖 [Оркестратор]: Ленивая загрузка компонентов Telegram-бота...
Traceback (most recent call last):
  File "/root/UPort/main.py", line 87, in <module>
    asyncio.run(start_uport_system())
  File "/usr/lib/python3.12/asyncio/runners.py", line 194, in run
    return runner.run(main)
           ^^^^^^^^^^^^^^^^
  File "/usr/lib/python3.12/asyncio/runners.py", line 118, in run
    return self._loop.run_until_complete(task)
           ^^^^^^^^^^^^^^^^^^^^^^^^^^^^^^^^^^^
  File "/usr/lib/python3.12/asyncio/base_events.py", line 687, in run_until_complete
    return future.result()
           ^^^^^^^^^^^^^^^
  File "/root/UPort/main.py", line 40, in start_uport_system
    from uport_ai_bot import bot, dp, sync_manager
  File "/root/UPort/uport_ai_bot.py", line 116, in <module>
    @dp.callback_query(MenuAction.filter(action="main_menu"))
                       ^^^^^^^^^^^^^^^^^^^^^^^^^^^^^^^^^^^^^
TypeError: CallbackData.filter() got an unexpected keyword argument 'action'
=== 🚀 [UPort Система] Глобальный запуск семейной экосистемы ===
🧠 [Оркестратор]: Анализ конфигурации пользователей из таблицы users...
🤖 [Оркестратор]: Ленивая загрузка компонентов Telegram-бота...
Traceback (most recent call last):
  File "/root/UPort/main.py", line 87, in <module>
    asyncio.run(start_uport_system())
  File "/usr/lib/python3.12/asyncio/runners.py", line 194, in run
    return runner.run(main)
           ^^^^^^^^^^^^^^^^
  File "/usr/lib/python3.12/asyncio/runners.py", line 118, in run
    return self._loop.run_until_complete(task)
           ^^^^^^^^^^^^^^^^^^^^^^^^^^^^^^^^^^^
  File "/usr/lib/python3.12/asyncio/base_events.py", line 687, in run_until_complete
    return future.result()
           ^^^^^^^^^^^^^^^
  File "/root/UPort/main.py", line 40, in start_uport_system
    from uport_ai_bot import bot, dp, sync_manager
  File "/root/UPort/uport_ai_bot.py", line 116, in <module>
    @dp.callback_query(MenuAction.filter(action="main_menu"))
                       ^^^^^^^^^^^^^^^^^^^^^^^^^^^^^^^^^^^^^
TypeError: CallbackData.filter() got an unexpected keyword argument 'action'
=== 🚀 [UPort Система] Глобальный запуск семейной экосистемы ===
🧠 [Оркестратор]: Анализ конфигурации пользователей из таблицы users...
🤖 [Оркестратор]: Ленивая загрузка компонентов Telegram-бота...
Traceback (most recent call last):
  File "/root/UPort/main.py", line 87, in <module>
    asyncio.run(start_uport_system())
  File "/usr/lib/python3.12/asyncio/runners.py", line 194, in run
    return runner.run(main)
           ^^^^^^^^^^^^^^^^
  File "/usr/lib/python3.12/asyncio/runners.py", line 118, in run
    return self._loop.run_until_complete(task)
           ^^^^^^^^^^^^^^^^^^^^^^^^^^^^^^^^^^^
  File "/usr/lib/python3.12/asyncio/base_events.py", line 687, in run_until_complete
    return future.result()
           ^^^^^^^^^^^^^^^
  File "/root/UPort/main.py", line 40, in start_uport_system
    from uport_ai_bot import bot, dp, sync_manager
  File "/root/UPort/uport_ai_bot.py", line 116, in <module>
    @dp.callback_query(MenuAction.filter(action="main_menu"))
                       ^^^^^^^^^^^^^^^^^^^^^^^^^^^^^^^^^^^^^
TypeError: CallbackData.filter() got an unexpected keyword argument 'action'
=== 🚀 [UPort Система] Глобальный запуск семейной экосистемы ===
🧠 [Оркестратор]: Анализ конфигурации пользователей из таблицы users...
🤖 [Оркестратор]: Ленивая загрузка компонентов Telegram-бота...
Traceback (most recent call last):
  File "/root/UPort/main.py", line 87, in <module>
    asyncio.run(start_uport_system())
  File "/usr/lib/python3.12/asyncio/runners.py", line 194, in run
    return runner.run(main)
           ^^^^^^^^^^^^^^^^
  File "/usr/lib/python3.12/asyncio/runners.py", line 118, in run
    return self._loop.run_until_complete(task)
           ^^^^^^^^^^^^^^^^^^^^^^^^^^^^^^^^^^^
  File "/usr/lib/python3.12/asyncio/base_events.py", line 687, in run_until_complete
    return future.result()
           ^^^^^^^^^^^^^^^
  File "/root/UPort/main.py", line 40, in start_uport_system
    from uport_ai_bot import bot, dp, sync_manager
  File "/root/UPort/uport_ai_bot.py", line 116, in <module>
    @dp.callback_query(MenuAction.filter(action="main_menu"))
                       ^^^^^^^^^^^^^^^^^^^^^^^^^^^^^^^^^^^^^
TypeError: CallbackData.filter() got an unexpected keyword argument 'action'
=== 🚀 [UPort Система] Глобальный запуск семейной экосистемы ===
🧠 [Оркестратор]: Анализ конфигурации пользователей из таблицы users...
🤖 [Оркестратор]: Ленивая загрузка компонентов Telegram-бота...
Traceback (most recent call last):
  File "/root/UPort/main.py", line 87, in <module>
    asyncio.run(start_uport_system())
  File "/usr/lib/python3.12/asyncio/runners.py", line 194, in run
    return runner.run(main)
           ^^^^^^^^^^^^^^^^
  File "/usr/lib/python3.12/asyncio/runners.py", line 118, in run
    return self._loop.run_until_complete(task)
           ^^^^^^^^^^^^^^^^^^^^^^^^^^^^^^^^^^^
  File "/usr/lib/python3.12/asyncio/base_events.py", line 687, in run_until_complete
    return future.result()
           ^^^^^^^^^^^^^^^
  File "/root/UPort/main.py", line 40, in start_uport_system
    from uport_ai_bot import bot, dp, sync_manager
  File "/root/UPort/uport_ai_bot.py", line 116, in <module>
    @dp.callback_query(MenuAction.filter(action="main_menu"))
                       ^^^^^^^^^^^^^^^^^^^^^^^^^^^^^^^^^^^^^
TypeError: CallbackData.filter() got an unexpected keyword argument 'action'
=== 🚀 [UPort Система] Глобальный запуск семейной экосистемы ===
🧠 [Оркестратор]: Анализ конфигурации пользователей из таблицы users...
🤖 [Оркестратор]: Ленивая загрузка компонентов Telegram-бота...
Traceback (most recent call last):
  File "/root/UPort/main.py", line 87, in <module>
    asyncio.run(start_uport_system())
  File "/usr/lib/python3.12/asyncio/runners.py", line 194, in run
    return runner.run(main)
           ^^^^^^^^^^^^^^^^
  File "/usr/lib/python3.12/asyncio/runners.py", line 118, in run
    return self._loop.run_until_complete(task)
           ^^^^^^^^^^^^^^^^^^^^^^^^^^^^^^^^^^^
  File "/usr/lib/python3.12/asyncio/base_events.py", line 687, in run_until_complete
    return future.result()
           ^^^^^^^^^^^^^^^
  File "/root/UPort/main.py", line 40, in start_uport_system
    from uport_ai_bot import bot, dp, sync_manager
  File "/root/UPort/uport_ai_bot.py", line 116, in <module>
    @dp.callback_query(MenuAction.filter(action="main_menu"))
                       ^^^^^^^^^^^^^^^^^^^^^^^^^^^^^^^^^^^^^
TypeError: CallbackData.filter() got an unexpected keyword argument 'action'
=== 🚀 [UPort Система] Глобальный запуск семейной экосистемы ===
🧠 [Оркестратор]: Анализ конфигурации пользователей из таблицы users...
🤖 [Оркестратор]: Ленивая загрузка компонентов Telegram-бота...
Traceback (most recent call last):
  File "/root/UPort/main.py", line 87, in <module>
    asyncio.run(start_uport_system())
  File "/usr/lib/python3.12/asyncio/runners.py", line 194, in run
    return runner.run(main)
           ^^^^^^^^^^^^^^^^
  File "/usr/lib/python3.12/asyncio/runners.py", line 118, in run
    return self._loop.run_until_complete(task)
           ^^^^^^^^^^^^^^^^^^^^^^^^^^^^^^^^^^^
  File "/usr/lib/python3.12/asyncio/base_events.py", line 687, in run_until_complete
    return future.result()
           ^^^^^^^^^^^^^^^
  File "/root/UPort/main.py", line 40, in start_uport_system
    from uport_ai_bot import bot, dp, sync_manager
  File "/root/UPort/uport_ai_bot.py", line 116, in <module>
    @dp.callback_query(MenuAction.filter(action="main_menu"))
                       ^^^^^^^^^^^^^^^^^^^^^^^^^^^^^^^^^^^^^
TypeError: CallbackData.filter() got an unexpected keyword argument 'action'
=== 🚀 [UPort Система] Глобальный запуск семейной экосистемы ===
🧠 [Оркестратор]: Анализ конфигурации пользователей из таблицы users...
🤖 [Оркестратор]: Ленивая загрузка компонентов Telegram-бота...
Traceback (most recent call last):
  File "/root/UPort/main.py", line 87, in <module>
    asyncio.run(start_uport_system())
  File "/usr/lib/python3.12/asyncio/runners.py", line 194, in run
    return runner.run(main)
           ^^^^^^^^^^^^^^^^
  File "/usr/lib/python3.12/asyncio/runners.py", line 118, in run
    return self._loop.run_until_complete(task)
           ^^^^^^^^^^^^^^^^^^^^^^^^^^^^^^^^^^^
  File "/usr/lib/python3.12/asyncio/base_events.py", line 687, in run_until_complete
    return future.result()
           ^^^^^^^^^^^^^^^
  File "/root/UPort/main.py", line 40, in start_uport_system
    from uport_ai_bot import bot, dp, sync_manager
  File "/root/UPort/uport_ai_bot.py", line 116, in <module>
    @dp.callback_query(MenuAction.filter(action="main_menu"))
                       ^^^^^^^^^^^^^^^^^^^^^^^^^^^^^^^^^^^^^
TypeError: CallbackData.filter() got an unexpected keyword argument 'action'
=== 🚀 [UPort Система] Глобальный запуск семейной экосистемы ===
🧠 [Оркестратор]: Анализ конфигурации пользователей из таблицы users...
🤖 [Оркестратор]: Ленивая загрузка компонентов Telegram-бота...
Traceback (most recent call last):
  File "/root/UPort/main.py", line 87, in <module>
    asyncio.run(start_uport_system())
  File "/usr/lib/python3.12/asyncio/runners.py", line 194, in run
    return runner.run(main)
           ^^^^^^^^^^^^^^^^
  File "/usr/lib/python3.12/asyncio/runners.py", line 118, in run
    return self._loop.run_until_complete(task)
           ^^^^^^^^^^^^^^^^^^^^^^^^^^^^^^^^^^^
  File "/usr/lib/python3.12/asyncio/base_events.py", line 687, in run_until_complete
    return future.result()
           ^^^^^^^^^^^^^^^
  File "/root/UPort/main.py", line 40, in start_uport_system
    from uport_ai_bot import bot, dp, sync_manager
  File "/root/UPort/uport_ai_bot.py", line 116, in <module>
    @dp.callback_query(MenuAction.filter(action="main_menu"))
                       ^^^^^^^^^^^^^^^^^^^^^^^^^^^^^^^^^^^^^
TypeError: CallbackData.filter() got an unexpected keyword argument 'action'
=== 🚀 [UPort Система] Глобальный запуск семейной экосистемы ===
🧠 [Оркестратор]: Анализ конфигурации пользователей из таблицы users...
🤖 [Оркестратор]: Ленивая загрузка компонентов Telegram-бота...
Traceback (most recent call last):
  File "/root/UPort/main.py", line 87, in <module>
    asyncio.run(start_uport_system())
  File "/usr/lib/python3.12/asyncio/runners.py", line 194, in run
    return runner.run(main)
           ^^^^^^^^^^^^^^^^
  File "/usr/lib/python3.12/asyncio/runners.py", line 118, in run
    return self._loop.run_until_complete(task)
           ^^^^^^^^^^^^^^^^^^^^^^^^^^^^^^^^^^^
  File "/usr/lib/python3.12/asyncio/base_events.py", line 687, in run_until_complete
    return future.result()
           ^^^^^^^^^^^^^^^
  File "/root/UPort/main.py", line 40, in start_uport_system
    from uport_ai_bot import bot, dp, sync_manager
  File "/root/UPort/uport_ai_bot.py", line 116, in <module>
    @dp.callback_query(MenuAction.filter(action="main_menu"))
                       ^^^^^^^^^^^^^^^^^^^^^^^^^^^^^^^^^^^^^
TypeError: CallbackData.filter() got an unexpected keyword argument 'action'
=== 🚀 [UPort Система] Глобальный запуск семейной экосистемы ===
🧠 [Оркестратор]: Анализ конфигурации пользователей из таблицы users...
🤖 [Оркестратор]: Ленивая загрузка компонентов Telegram-бота...
Traceback (most recent call last):
  File "/root/UPort/main.py", line 87, in <module>
    asyncio.run(start_uport_system())
  File "/usr/lib/python3.12/asyncio/runners.py", line 194, in run
    return runner.run(main)
           ^^^^^^^^^^^^^^^^
  File "/usr/lib/python3.12/asyncio/runners.py", line 118, in run
    return self._loop.run_until_complete(task)
           ^^^^^^^^^^^^^^^^^^^^^^^^^^^^^^^^^^^
  File "/usr/lib/python3.12/asyncio/base_events.py", line 687, in run_until_complete
    return future.result()
           ^^^^^^^^^^^^^^^
  File "/root/UPort/main.py", line 40, in start_uport_system
    from uport_ai_bot import bot, dp, sync_manager
  File "/root/UPort/uport_ai_bot.py", line 116, in <module>
    @dp.callback_query(MenuAction.filter(action="main_menu"))
                       ^^^^^^^^^^^^^^^^^^^^^^^^^^^^^^^^^^^^^
TypeError: CallbackData.filter() got an unexpected keyword argument 'action'
=== 🚀 [UPort Система] Глобальный запуск семейной экосистемы ===
🧠 [Оркестратор]: Анализ конфигурации пользователей из таблицы users...
🤖 [Оркестратор]: Ленивая загрузка компонентов Telegram-бота...
Traceback (most recent call last):
  File "/root/UPort/main.py", line 87, in <module>
    asyncio.run(start_uport_system())
  File "/usr/lib/python3.12/asyncio/runners.py", line 194, in run
    return runner.run(main)
           ^^^^^^^^^^^^^^^^
  File "/usr/lib/python3.12/asyncio/runners.py", line 118, in run
    return self._loop.run_until_complete(task)
           ^^^^^^^^^^^^^^^^^^^^^^^^^^^^^^^^^^^
  File "/usr/lib/python3.12/asyncio/base_events.py", line 687, in run_until_complete
    return future.result()
           ^^^^^^^^^^^^^^^
  File "/root/UPort/main.py", line 40, in start_uport_system
    from uport_ai_bot import bot, dp, sync_manager
  File "/root/UPort/uport_ai_bot.py", line 116, in <module>
    @dp.callback_query(MenuAction.filter(action="main_menu"))
                       ^^^^^^^^^^^^^^^^^^^^^^^^^^^^^^^^^^^^^
TypeError: CallbackData.filter() got an unexpected keyword argument 'action'
=== 🚀 [UPort Система] Глобальный запуск семейной экосистемы ===
🧠 [Оркестратор]: Анализ конфигурации пользователей из таблицы users...
🤖 [Оркестратор]: Ленивая загрузка компонентов Telegram-бота...
Traceback (most recent call last):
  File "/root/UPort/main.py", line 87, in <module>
    asyncio.run(start_uport_system())
  File "/usr/lib/python3.12/asyncio/runners.py", line 194, in run
    return runner.run(main)
           ^^^^^^^^^^^^^^^^
  File "/usr/lib/python3.12/asyncio/runners.py", line 118, in run
    return self._loop.run_until_complete(task)
           ^^^^^^^^^^^^^^^^^^^^^^^^^^^^^^^^^^^
  File "/usr/lib/python3.12/asyncio/base_events.py", line 687, in run_until_complete
    return future.result()
           ^^^^^^^^^^^^^^^
  File "/root/UPort/main.py", line 40, in start_uport_system
    from uport_ai_bot import bot, dp, sync_manager
  File "/root/UPort/uport_ai_bot.py", line 116, in <module>
    @dp.callback_query(MenuAction.filter(action="main_menu"))
                       ^^^^^^^^^^^^^^^^^^^^^^^^^^^^^^^^^^^^^
TypeError: CallbackData.filter() got an unexpected keyword argument 'action'
=== 🚀 [UPort Система] Глобальный запуск семейной экосистемы ===
🧠 [Оркестратор]: Анализ конфигурации пользователей из таблицы users...
🤖 [Оркестратор]: Ленивая загрузка компонентов Telegram-бота...
Traceback (most recent call last):
  File "/root/UPort/main.py", line 87, in <module>
    asyncio.run(start_uport_system())
  File "/usr/lib/python3.12/asyncio/runners.py", line 194, in run
    return runner.run(main)
           ^^^^^^^^^^^^^^^^
  File "/usr/lib/python3.12/asyncio/runners.py", line 118, in run
    return self._loop.run_until_complete(task)
           ^^^^^^^^^^^^^^^^^^^^^^^^^^^^^^^^^^^
  File "/usr/lib/python3.12/asyncio/base_events.py", line 687, in run_until_complete
    return future.result()
           ^^^^^^^^^^^^^^^
  File "/root/UPort/main.py", line 40, in start_uport_system
    from uport_ai_bot import bot, dp, sync_manager
  File "/root/UPort/uport_ai_bot.py", line 116, in <module>
    @dp.callback_query(MenuAction.filter(action="main_menu"))
                       ^^^^^^^^^^^^^^^^^^^^^^^^^^^^^^^^^^^^^
TypeError: CallbackData.filter() got an unexpected keyword argument 'action'
=== 🚀 [UPort Система] Глобальный запуск семейной экосистемы ===
🧠 [Оркестратор]: Анализ конфигурации пользователей из таблицы users...
🤖 [Оркестратор]: Ленивая загрузка компонентов Telegram-бота...
Traceback (most recent call last):
  File "/root/UPort/main.py", line 87, in <module>
    asyncio.run(start_uport_system())
  File "/usr/lib/python3.12/asyncio/runners.py", line 194, in run
    return runner.run(main)
           ^^^^^^^^^^^^^^^^
  File "/usr/lib/python3.12/asyncio/runners.py", line 118, in run
    return self._loop.run_until_complete(task)
           ^^^^^^^^^^^^^^^^^^^^^^^^^^^^^^^^^^^
  File "/usr/lib/python3.12/asyncio/base_events.py", line 687, in run_until_complete
    return future.result()
           ^^^^^^^^^^^^^^^
  File "/root/UPort/main.py", line 40, in start_uport_system
    from uport_ai_bot import bot, dp, sync_manager
  File "/root/UPort/uport_ai_bot.py", line 116, in <module>
    @dp.callback_query(MenuAction.filter(action="main_menu"))
                       ^^^^^^^^^^^^^^^^^^^^^^^^^^^^^^^^^^^^^
TypeError: CallbackData.filter() got an unexpected keyword argument 'action'
=== 🚀 [UPort Система] Глобальный запуск семейной экосистемы ===
🧠 [Оркестратор]: Анализ конфигурации пользователей из таблицы users...
🤖 [Оркестратор]: Ленивая загрузка компонентов Telegram-бота...
Traceback (most recent call last):
  File "/root/UPort/main.py", line 87, in <module>
    asyncio.run(start_uport_system())
  File "/usr/lib/python3.12/asyncio/runners.py", line 194, in run
    return runner.run(main)
           ^^^^^^^^^^^^^^^^
  File "/usr/lib/python3.12/asyncio/runners.py", line 118, in run
    return self._loop.run_until_complete(task)
           ^^^^^^^^^^^^^^^^^^^^^^^^^^^^^^^^^^^
  File "/usr/lib/python3.12/asyncio/base_events.py", line 687, in run_until_complete
    return future.result()
           ^^^^^^^^^^^^^^^
  File "/root/UPort/main.py", line 40, in start_uport_system
    from uport_ai_bot import bot, dp, sync_manager
  File "/root/UPort/uport_ai_bot.py", line 116, in <module>
    @dp.callback_query(MenuAction.filter(action="main_menu"))
                       ^^^^^^^^^^^^^^^^^^^^^^^^^^^^^^^^^^^^^
TypeError: CallbackData.filter() got an unexpected keyword argument 'action'
=== 🚀 [UPort Система] Глобальный запуск семейной экосистемы ===
🧠 [Оркестратор]: Анализ конфигурации пользователей из таблицы users...
🤖 [Оркестратор]: Ленивая загрузка компонентов Telegram-бота...
Traceback (most recent call last):
  File "/root/UPort/main.py", line 87, in <module>
    asyncio.run(start_uport_system())
  File "/usr/lib/python3.12/asyncio/runners.py", line 194, in run
    return runner.run(main)
           ^^^^^^^^^^^^^^^^
  File "/usr/lib/python3.12/asyncio/runners.py", line 118, in run
    return self._loop.run_until_complete(task)
           ^^^^^^^^^^^^^^^^^^^^^^^^^^^^^^^^^^^
  File "/usr/lib/python3.12/asyncio/base_events.py", line 687, in run_until_complete
    return future.result()
           ^^^^^^^^^^^^^^^
  File "/root/UPort/main.py", line 40, in start_uport_system
    from uport_ai_bot import bot, dp, sync_manager
  File "/root/UPort/uport_ai_bot.py", line 116, in <module>
    @dp.callback_query(MenuAction.filter(action="main_menu"))
                       ^^^^^^^^^^^^^^^^^^^^^^^^^^^^^^^^^^^^^
TypeError: CallbackData.filter() got an unexpected keyword argument 'action'
=== 🚀 [UPort Система] Глобальный запуск семейной экосистемы ===
🧠 [Оркестратор]: Анализ конфигурации пользователей из таблицы users...
🤖 [Оркестратор]: Ленивая загрузка компонентов Telegram-бота...
Traceback (most recent call last):
  File "/root/UPort/main.py", line 87, in <module>
    asyncio.run(start_uport_system())
  File "/usr/lib/python3.12/asyncio/runners.py", line 194, in run
    return runner.run(main)
           ^^^^^^^^^^^^^^^^
  File "/usr/lib/python3.12/asyncio/runners.py", line 118, in run
    return self._loop.run_until_complete(task)
           ^^^^^^^^^^^^^^^^^^^^^^^^^^^^^^^^^^^
  File "/usr/lib/python3.12/asyncio/base_events.py", line 687, in run_until_complete
    return future.result()
           ^^^^^^^^^^^^^^^
  File "/root/UPort/main.py", line 40, in start_uport_system
    from uport_ai_bot import bot, dp, sync_manager
  File "/root/UPort/uport_ai_bot.py", line 116, in <module>
    @dp.callback_query(MenuAction.filter(action="main_menu"))
                       ^^^^^^^^^^^^^^^^^^^^^^^^^^^^^^^^^^^^^
TypeError: CallbackData.filter() got an unexpected keyword argument 'action'
=== 🚀 [UPort Система] Глобальный запуск семейной экосистемы ===
🧠 [Оркестратор]: Анализ конфигурации пользователей из таблицы users...
🤖 [Оркестратор]: Ленивая загрузка компонентов Telegram-бота...
Traceback (most recent call last):
  File "/root/UPort/main.py", line 87, in <module>
    asyncio.run(start_uport_system())
  File "/usr/lib/python3.12/asyncio/runners.py", line 194, in run
    return runner.run(main)
           ^^^^^^^^^^^^^^^^
  File "/usr/lib/python3.12/asyncio/runners.py", line 118, in run
    return self._loop.run_until_complete(task)
           ^^^^^^^^^^^^^^^^^^^^^^^^^^^^^^^^^^^
  File "/usr/lib/python3.12/asyncio/base_events.py", line 687, in run_until_complete
    return future.result()
           ^^^^^^^^^^^^^^^
  File "/root/UPort/main.py", line 40, in start_uport_system
    from uport_ai_bot import bot, dp, sync_manager
  File "/root/UPort/uport_ai_bot.py", line 116, in <module>
    @dp.callback_query(MenuAction.filter(action="main_menu"))
                       ^^^^^^^^^^^^^^^^^^^^^^^^^^^^^^^^^^^^^
TypeError: CallbackData.filter() got an unexpected keyword argument 'action'
=== 🚀 [UPort Система] Глобальный запуск семейной экосистемы ===
🧠 [Оркестратор]: Анализ конфигурации пользователей из таблицы users...
🤖 [Оркестратор]: Ленивая загрузка компонентов Telegram-бота...
Traceback (most recent call last):
  File "/root/UPort/main.py", line 87, in <module>
    asyncio.run(start_uport_system())
  File "/usr/lib/python3.12/asyncio/runners.py", line 194, in run
    return runner.run(main)
           ^^^^^^^^^^^^^^^^
  File "/usr/lib/python3.12/asyncio/runners.py", line 118, in run
    return self._loop.run_until_complete(task)
           ^^^^^^^^^^^^^^^^^^^^^^^^^^^^^^^^^^^
  File "/usr/lib/python3.12/asyncio/base_events.py", line 687, in run_until_complete
    return future.result()
           ^^^^^^^^^^^^^^^
  File "/root/UPort/main.py", line 40, in start_uport_system
    from uport_ai_bot import bot, dp, sync_manager
  File "/root/UPort/uport_ai_bot.py", line 116, in <module>
    @dp.callback_query(MenuAction.filter(action="main_menu"))
                       ^^^^^^^^^^^^^^^^^^^^^^^^^^^^^^^^^^^^^
TypeError: CallbackData.filter() got an unexpected keyword argument 'action'
=== 🚀 [UPort Система] Глобальный запуск семейной экосистемы ===
🧠 [Оркестратор]: Анализ конфигурации пользователей из таблицы users...
🤖 [Оркестратор]: Ленивая загрузка компонентов Telegram-бота...
Traceback (most recent call last):
  File "/root/UPort/main.py", line 87, in <module>
    asyncio.run(start_uport_system())
  File "/usr/lib/python3.12/asyncio/runners.py", line 194, in run
    return runner.run(main)
           ^^^^^^^^^^^^^^^^
  File "/usr/lib/python3.12/asyncio/runners.py", line 118, in run
    return self._loop.run_until_complete(task)
           ^^^^^^^^^^^^^^^^^^^^^^^^^^^^^^^^^^^
  File "/usr/lib/python3.12/asyncio/base_events.py", line 687, in run_until_complete
    return future.result()
           ^^^^^^^^^^^^^^^
  File "/root/UPort/main.py", line 40, in start_uport_system
    from uport_ai_bot import bot, dp, sync_manager
  File "/root/UPort/uport_ai_bot.py", line 116, in <module>
    @dp.callback_query(MenuAction.filter(action="main_menu"))
                       ^^^^^^^^^^^^^^^^^^^^^^^^^^^^^^^^^^^^^
TypeError: CallbackData.filter() got an unexpected keyword argument 'action'
=== 🚀 [UPort Система] Глобальный запуск семейной экосистемы ===
🧠 [Оркестратор]: Анализ конфигурации пользователей из таблицы users...
🤖 [Оркестратор]: Ленивая загрузка компонентов Telegram-бота...
Traceback (most recent call last):
  File "/root/UPort/main.py", line 87, in <module>
    asyncio.run(start_uport_system())
  File "/usr/lib/python3.12/asyncio/runners.py", line 194, in run
    return runner.run(main)
           ^^^^^^^^^^^^^^^^
  File "/usr/lib/python3.12/asyncio/runners.py", line 118, in run
    return self._loop.run_until_complete(task)
           ^^^^^^^^^^^^^^^^^^^^^^^^^^^^^^^^^^^
  File "/usr/lib/python3.12/asyncio/base_events.py", line 687, in run_until_complete
    return future.result()
           ^^^^^^^^^^^^^^^
  File "/root/UPort/main.py", line 40, in start_uport_system
    from uport_ai_bot import bot, dp, sync_manager
  File "/root/UPort/uport_ai_bot.py", line 116, in <module>
    @dp.callback_query(MenuAction.filter(action="main_menu"))
                       ^^^^^^^^^^^^^^^^^^^^^^^^^^^^^^^^^^^^^
TypeError: CallbackData.filter() got an unexpected keyword argument 'action'
=== 🚀 [UPort Система] Глобальный запуск семейной экосистемы ===
🧠 [Оркестратор]: Анализ конфигурации пользователей из таблицы users...
🤖 [Оркестратор]: Ленивая загрузка компонентов Telegram-бота...
Traceback (most recent call last):
  File "/root/UPort/main.py", line 87, in <module>
    asyncio.run(start_uport_system())
  File "/usr/lib/python3.12/asyncio/runners.py", line 194, in run
    return runner.run(main)
           ^^^^^^^^^^^^^^^^
  File "/usr/lib/python3.12/asyncio/runners.py", line 118, in run
    return self._loop.run_until_complete(task)
           ^^^^^^^^^^^^^^^^^^^^^^^^^^^^^^^^^^^
  File "/usr/lib/python3.12/asyncio/base_events.py", line 687, in run_until_complete
    return future.result()
           ^^^^^^^^^^^^^^^
  File "/root/UPort/main.py", line 40, in start_uport_system
    from uport_ai_bot import bot, dp, sync_manager
  File "/root/UPort/uport_ai_bot.py", line 116, in <module>
    @dp.callback_query(MenuAction.filter(action="main_menu"))
                       ^^^^^^^^^^^^^^^^^^^^^^^^^^^^^^^^^^^^^
TypeError: CallbackData.filter() got an unexpected keyword argument 'action'
=== 🚀 [UPort Система] Глобальный запуск семейной экосистемы ===
🧠 [Оркестратор]: Анализ конфигурации пользователей из таблицы users...
🤖 [Оркестратор]: Ленивая загрузка компонентов Telegram-бота...
Traceback (most recent call last):
  File "/root/UPort/main.py", line 87, in <module>
    asyncio.run(start_uport_system())
  File "/usr/lib/python3.12/asyncio/runners.py", line 194, in run
    return runner.run(main)
           ^^^^^^^^^^^^^^^^
  File "/usr/lib/python3.12/asyncio/runners.py", line 118, in run
    return self._loop.run_until_complete(task)
           ^^^^^^^^^^^^^^^^^^^^^^^^^^^^^^^^^^^
  File "/usr/lib/python3.12/asyncio/base_events.py", line 687, in run_until_complete
    return future.result()
           ^^^^^^^^^^^^^^^
  File "/root/UPort/main.py", line 40, in start_uport_system
    from uport_ai_bot import bot, dp, sync_manager
  File "/root/UPort/uport_ai_bot.py", line 116, in <module>
    @dp.callback_query(MenuAction.filter(action="main_menu"))
                       ^^^^^^^^^^^^^^^^^^^^^^^^^^^^^^^^^^^^^
TypeError: CallbackData.filter() got an unexpected keyword argument 'action'
=== 🚀 [UPort Система] Глобальный запуск семейной экосистемы ===
🧠 [Оркестратор]: Анализ конфигурации пользователей из таблицы users...
🤖 [Оркестратор]: Ленивая загрузка компонентов Telegram-бота...
Traceback (most recent call last):
  File "/root/UPort/main.py", line 87, in <module>
    asyncio.run(start_uport_system())
  File "/usr/lib/python3.12/asyncio/runners.py", line 194, in run
    return runner.run(main)
           ^^^^^^^^^^^^^^^^
  File "/usr/lib/python3.12/asyncio/runners.py", line 118, in run
    return self._loop.run_until_complete(task)
           ^^^^^^^^^^^^^^^^^^^^^^^^^^^^^^^^^^^
  File "/usr/lib/python3.12/asyncio/base_events.py", line 687, in run_until_complete
    return future.result()
           ^^^^^^^^^^^^^^^
  File "/root/UPort/main.py", line 40, in start_uport_system
    from uport_ai_bot import bot, dp, sync_manager
  File "/root/UPort/uport_ai_bot.py", line 116, in <module>
    @dp.callback_query(MenuAction.filter(action="main_menu"))
                       ^^^^^^^^^^^^^^^^^^^^^^^^^^^^^^^^^^^^^
TypeError: CallbackData.filter() got an unexpected keyword argument 'action'
=== 🚀 [UPort Система] Глобальный запуск семейной экосистемы ===
🧠 [Оркестратор]: Анализ конфигурации пользователей из таблицы users...
🤖 [Оркестратор]: Ленивая загрузка компонентов Telegram-бота...
Traceback (most recent call last):
  File "/root/UPort/main.py", line 87, in <module>
    asyncio.run(start_uport_system())
  File "/usr/lib/python3.12/asyncio/runners.py", line 194, in run
    return runner.run(main)
           ^^^^^^^^^^^^^^^^
  File "/usr/lib/python3.12/asyncio/runners.py", line 118, in run
    return self._loop.run_until_complete(task)
           ^^^^^^^^^^^^^^^^^^^^^^^^^^^^^^^^^^^
  File "/usr/lib/python3.12/asyncio/base_events.py", line 687, in run_until_complete
    return future.result()
           ^^^^^^^^^^^^^^^
  File "/root/UPort/main.py", line 40, in start_uport_system
    from uport_ai_bot import bot, dp, sync_manager
  File "/root/UPort/uport_ai_bot.py", line 116, in <module>
    @dp.callback_query(MenuAction.filter(action="main_menu"))
                       ^^^^^^^^^^^^^^^^^^^^^^^^^^^^^^^^^^^^^
TypeError: CallbackData.filter() got an unexpected keyword argument 'action'
=== 🚀 [UPort Система] Глобальный запуск семейной экосистемы ===
🧠 [Оркестратор]: Анализ конфигурации пользователей из таблицы users...
🤖 [Оркестратор]: Ленивая загрузка компонентов Telegram-бота...
Traceback (most recent call last):
  File "/root/UPort/main.py", line 87, in <module>
    asyncio.run(start_uport_system())
  File "/usr/lib/python3.12/asyncio/runners.py", line 194, in run
    return runner.run(main)
           ^^^^^^^^^^^^^^^^
  File "/usr/lib/python3.12/asyncio/runners.py", line 118, in run
    return self._loop.run_until_complete(task)
           ^^^^^^^^^^^^^^^^^^^^^^^^^^^^^^^^^^^
  File "/usr/lib/python3.12/asyncio/base_events.py", line 687, in run_until_complete
    return future.result()
           ^^^^^^^^^^^^^^^
  File "/root/UPort/main.py", line 40, in start_uport_system
    from uport_ai_bot import bot, dp, sync_manager
  File "/root/UPort/uport_ai_bot.py", line 116, in <module>
    @dp.callback_query(MenuAction.filter(action="main_menu"))
                       ^^^^^^^^^^^^^^^^^^^^^^^^^^^^^^^^^^^^^
TypeError: CallbackData.filter() got an unexpected keyword argument 'action'
=== 🚀 [UPort Система] Глобальный запуск семейной экосистемы ===
🧠 [Оркестратор]: Анализ конфигурации пользователей из таблицы users...
🤖 [Оркестратор]: Ленивая загрузка компонентов Telegram-бота...
Traceback (most recent call last):
  File "/root/UPort/main.py", line 87, in <module>
    asyncio.run(start_uport_system())
  File "/usr/lib/python3.12/asyncio/runners.py", line 194, in run
    return runner.run(main)
           ^^^^^^^^^^^^^^^^
  File "/usr/lib/python3.12/asyncio/runners.py", line 118, in run
    return self._loop.run_until_complete(task)
           ^^^^^^^^^^^^^^^^^^^^^^^^^^^^^^^^^^^
  File "/usr/lib/python3.12/asyncio/base_events.py", line 687, in run_until_complete
    return future.result()
           ^^^^^^^^^^^^^^^
  File "/root/UPort/main.py", line 40, in start_uport_system
    from uport_ai_bot import bot, dp, sync_manager
  File "/root/UPort/uport_ai_bot.py", line 116, in <module>
    @dp.callback_query(MenuAction.filter(action="main_menu"))
                       ^^^^^^^^^^^^^^^^^^^^^^^^^^^^^^^^^^^^^
TypeError: CallbackData.filter() got an unexpected keyword argument 'action'
=== 🚀 [UPort Система] Глобальный запуск семейной экосистемы ===
🧠 [Оркестратор]: Анализ конфигурации пользователей из таблицы users...
🤖 [Оркестратор]: Ленивая загрузка компонентов Telegram-бота...
Traceback (most recent call last):
  File "/root/UPort/main.py", line 87, in <module>
    asyncio.run(start_uport_system())
  File "/usr/lib/python3.12/asyncio/runners.py", line 194, in run
    return runner.run(main)
           ^^^^^^^^^^^^^^^^
  File "/usr/lib/python3.12/asyncio/runners.py", line 118, in run
    return self._loop.run_until_complete(task)
           ^^^^^^^^^^^^^^^^^^^^^^^^^^^^^^^^^^^
  File "/usr/lib/python3.12/asyncio/base_events.py", line 687, in run_until_complete
    return future.result()
           ^^^^^^^^^^^^^^^
  File "/root/UPort/main.py", line 40, in start_uport_system
    from uport_ai_bot import bot, dp, sync_manager
  File "/root/UPort/uport_ai_bot.py", line 116, in <module>
    @dp.callback_query(MenuAction.filter(action="main_menu"))
                       ^^^^^^^^^^^^^^^^^^^^^^^^^^^^^^^^^^^^^
TypeError: CallbackData.filter() got an unexpected keyword argument 'action'
=== 🚀 [UPort Система] Глобальный запуск семейной экосистемы ===
🧠 [Оркестратор]: Анализ конфигурации пользователей из таблицы users...
🤖 [Оркестратор]: Ленивая загрузка компонентов Telegram-бота...
Traceback (most recent call last):
  File "/root/UPort/main.py", line 87, in <module>
    asyncio.run(start_uport_system())
  File "/usr/lib/python3.12/asyncio/runners.py", line 194, in run
    return runner.run(main)
           ^^^^^^^^^^^^^^^^
  File "/usr/lib/python3.12/asyncio/runners.py", line 118, in run
    return self._loop.run_until_complete(task)
           ^^^^^^^^^^^^^^^^^^^^^^^^^^^^^^^^^^^
  File "/usr/lib/python3.12/asyncio/base_events.py", line 687, in run_until_complete
    return future.result()
           ^^^^^^^^^^^^^^^
  File "/root/UPort/main.py", line 40, in start_uport_system
    from uport_ai_bot import bot, dp, sync_manager
  File "/root/UPort/uport_ai_bot.py", line 116, in <module>
    @dp.callback_query(MenuAction.filter(action="main_menu"))
                       ^^^^^^^^^^^^^^^^^^^^^^^^^^^^^^^^^^^^^
TypeError: CallbackData.filter() got an unexpected keyword argument 'action'
=== 🚀 [UPort Система] Глобальный запуск семейной экосистемы ===
🧠 [Оркестратор]: Анализ конфигурации пользователей из таблицы users...
🤖 [Оркестратор]: Ленивая загрузка компонентов Telegram-бота...
Traceback (most recent call last):
  File "/root/UPort/main.py", line 87, in <module>
    asyncio.run(start_uport_system())
  File "/usr/lib/python3.12/asyncio/runners.py", line 194, in run
    return runner.run(main)
           ^^^^^^^^^^^^^^^^
  File "/usr/lib/python3.12/asyncio/runners.py", line 118, in run
    return self._loop.run_until_complete(task)
           ^^^^^^^^^^^^^^^^^^^^^^^^^^^^^^^^^^^
  File "/usr/lib/python3.12/asyncio/base_events.py", line 687, in run_until_complete
    return future.result()
           ^^^^^^^^^^^^^^^
  File "/root/UPort/main.py", line 40, in start_uport_system
    from uport_ai_bot import bot, dp, sync_manager
  File "/root/UPort/uport_ai_bot.py", line 116, in <module>
    @dp.callback_query(MenuAction.filter(action="main_menu"))
                       ^^^^^^^^^^^^^^^^^^^^^^^^^^^^^^^^^^^^^
TypeError: CallbackData.filter() got an unexpected keyword argument 'action'
=== 🚀 [UPort Система] Глобальный запуск семейной экосистемы ===
🧠 [Оркестратор]: Анализ конфигурации пользователей из таблицы users...
🤖 [Оркестратор]: Ленивая загрузка компонентов Telegram-бота...
Traceback (most recent call last):
  File "/root/UPort/main.py", line 87, in <module>
    asyncio.run(start_uport_system())
  File "/usr/lib/python3.12/asyncio/runners.py", line 194, in run
    return runner.run(main)
           ^^^^^^^^^^^^^^^^
  File "/usr/lib/python3.12/asyncio/runners.py", line 118, in run
    return self._loop.run_until_complete(task)
           ^^^^^^^^^^^^^^^^^^^^^^^^^^^^^^^^^^^
  File "/usr/lib/python3.12/asyncio/base_events.py", line 687, in run_until_complete
    return future.result()
           ^^^^^^^^^^^^^^^
  File "/root/UPort/main.py", line 40, in start_uport_system
    from uport_ai_bot import bot, dp, sync_manager
  File "/root/UPort/uport_ai_bot.py", line 116, in <module>
    @dp.callback_query(MenuAction.filter(action="main_menu"))
                       ^^^^^^^^^^^^^^^^^^^^^^^^^^^^^^^^^^^^^
TypeError: CallbackData.filter() got an unexpected keyword argument 'action'
=== 🚀 [UPort Система] Глобальный запуск семейной экосистемы ===
🧠 [Оркестратор]: Анализ конфигурации пользователей из таблицы users...
🤖 [Оркестратор]: Ленивая загрузка компонентов Telegram-бота...
Traceback (most recent call last):
  File "/root/UPort/main.py", line 87, in <module>
    asyncio.run(start_uport_system())
  File "/usr/lib/python3.12/asyncio/runners.py", line 194, in run
    return runner.run(main)
           ^^^^^^^^^^^^^^^^
  File "/usr/lib/python3.12/asyncio/runners.py", line 118, in run
    return self._loop.run_until_complete(task)
           ^^^^^^^^^^^^^^^^^^^^^^^^^^^^^^^^^^^
  File "/usr/lib/python3.12/asyncio/base_events.py", line 687, in run_until_complete
    return future.result()
           ^^^^^^^^^^^^^^^
  File "/root/UPort/main.py", line 40, in start_uport_system
    from uport_ai_bot import bot, dp, sync_manager
  File "/root/UPort/uport_ai_bot.py", line 116, in <module>
    @dp.callback_query(MenuAction.filter(action="main_menu"))
                       ^^^^^^^^^^^^^^^^^^^^^^^^^^^^^^^^^^^^^
TypeError: CallbackData.filter() got an unexpected keyword argument 'action'
=== 🚀 [UPort Система] Глобальный запуск семейной экосистемы ===
🧠 [Оркестратор]: Анализ конфигурации пользователей из таблицы users...
🤖 [Оркестратор]: Ленивая загрузка компонентов Telegram-бота...
Traceback (most recent call last):
  File "/root/UPort/main.py", line 87, in <module>
    asyncio.run(start_uport_system())
  File "/usr/lib/python3.12/asyncio/runners.py", line 194, in run
    return runner.run(main)
           ^^^^^^^^^^^^^^^^
  File "/usr/lib/python3.12/asyncio/runners.py", line 118, in run
    return self._loop.run_until_complete(task)
           ^^^^^^^^^^^^^^^^^^^^^^^^^^^^^^^^^^^
  File "/usr/lib/python3.12/asyncio/base_events.py", line 687, in run_until_complete
    return future.result()
           ^^^^^^^^^^^^^^^
  File "/root/UPort/main.py", line 40, in start_uport_system
    from uport_ai_bot import bot, dp, sync_manager
  File "/root/UPort/uport_ai_bot.py", line 116, in <module>
    @dp.callback_query(MenuAction.filter(action="main_menu"))
                       ^^^^^^^^^^^^^^^^^^^^^^^^^^^^^^^^^^^^^
TypeError: CallbackData.filter() got an unexpected keyword argument 'action'
=== 🚀 [UPort Система] Глобальный запуск семейной экосистемы ===
🧠 [Оркестратор]: Анализ конфигурации пользователей из таблицы users...
🤖 [Оркестратор]: Ленивая загрузка компонентов Telegram-бота...
Traceback (most recent call last):
  File "/root/UPort/main.py", line 87, in <module>
    asyncio.run(start_uport_system())
  File "/usr/lib/python3.12/asyncio/runners.py", line 194, in run
    return runner.run(main)
           ^^^^^^^^^^^^^^^^
  File "/usr/lib/python3.12/asyncio/runners.py", line 118, in run
    return self._loop.run_until_complete(task)
           ^^^^^^^^^^^^^^^^^^^^^^^^^^^^^^^^^^^
  File "/usr/lib/python3.12/asyncio/base_events.py", line 687, in run_until_complete
    return future.result()
           ^^^^^^^^^^^^^^^
  File "/root/UPort/main.py", line 40, in start_uport_system
    from uport_ai_bot import bot, dp, sync_manager
  File "/root/UPort/uport_ai_bot.py", line 116, in <module>
    @dp.callback_query(MenuAction.filter(action="main_menu"))
                       ^^^^^^^^^^^^^^^^^^^^^^^^^^^^^^^^^^^^^
TypeError: CallbackData.filter() got an unexpected keyword argument 'action'
=== 🚀 [UPort Система] Глобальный запуск семейной экосистемы ===
🧠 [Оркестратор]: Анализ конфигурации пользователей из таблицы users...
🤖 [Оркестратор]: Ленивая загрузка компонентов Telegram-бота...
Traceback (most recent call last):
  File "/root/UPort/main.py", line 87, in <module>
    asyncio.run(start_uport_system())
  File "/usr/lib/python3.12/asyncio/runners.py", line 194, in run
    return runner.run(main)
           ^^^^^^^^^^^^^^^^
  File "/usr/lib/python3.12/asyncio/runners.py", line 118, in run
    return self._loop.run_until_complete(task)
           ^^^^^^^^^^^^^^^^^^^^^^^^^^^^^^^^^^^
  File "/usr/lib/python3.12/asyncio/base_events.py", line 687, in run_until_complete
    return future.result()
           ^^^^^^^^^^^^^^^
  File "/root/UPort/main.py", line 40, in start_uport_system
    from uport_ai_bot import bot, dp, sync_manager
  File "/root/UPort/uport_ai_bot.py", line 116, in <module>
    @dp.callback_query(MenuAction.filter(action="main_menu"))
                       ^^^^^^^^^^^^^^^^^^^^^^^^^^^^^^^^^^^^^
TypeError: CallbackData.filter() got an unexpected keyword argument 'action'
=== 🚀 [UPort Система] Глобальный запуск семейной экосистемы ===
🧠 [Оркестратор]: Анализ конфигурации пользователей из таблицы users...
🤖 [Оркестратор]: Ленивая загрузка компонентов Telegram-бота...
Traceback (most recent call last):
  File "/root/UPort/main.py", line 87, in <module>
    asyncio.run(start_uport_system())
  File "/usr/lib/python3.12/asyncio/runners.py", line 194, in run
    return runner.run(main)
           ^^^^^^^^^^^^^^^^
  File "/usr/lib/python3.12/asyncio/runners.py", line 118, in run
    return self._loop.run_until_complete(task)
           ^^^^^^^^^^^^^^^^^^^^^^^^^^^^^^^^^^^
  File "/usr/lib/python3.12/asyncio/base_events.py", line 687, in run_until_complete
    return future.result()
           ^^^^^^^^^^^^^^^
  File "/root/UPort/main.py", line 40, in start_uport_system
    from uport_ai_bot import bot, dp, sync_manager
  File "/root/UPort/uport_ai_bot.py", line 116, in <module>
TypeError: CallbackData.filter() got an unexpected keyword argument 'action'
=== 🚀 [UPort Система] Глобальный запуск семейной экосистемы ===
🧠 [Оркестратор]: Анализ конфигурации пользователей из таблицы users...
🤖 [Оркестратор]: Ленивая загрузка компонентов Telegram-бота...
Traceback (most recent call last):
  File "/root/UPort/main.py", line 87, in <module>
    asyncio.run(start_uport_system())
  File "/usr/lib/python3.12/asyncio/runners.py", line 194, in run
    return runner.run(main)
           ^^^^^^^^^^^^^^^^
  File "/usr/lib/python3.12/asyncio/runners.py", line 118, in run
    return self._loop.run_until_complete(task)
           ^^^^^^^^^^^^^^^^^^^^^^^^^^^^^^^^^^^
  File "/usr/lib/python3.12/asyncio/base_events.py", line 687, in run_until_complete
    return future.result()
           ^^^^^^^^^^^^^^^
  File "/root/UPort/main.py", line 40, in start_uport_system
    from uport_ai_bot import bot, dp, sync_manager
ImportError: cannot import name 'bot' from 'uport_ai_bot' (/root/UPort/uport_ai_bot.py)
=== 🚀 [UPort Система] Глобальный запуск семейной экосистемы ===
🧠 [Оркестратор]: Анализ конфигурации пользователей из таблицы users...
🤖 [Оркестратор]: Ленивая загрузка компонентов Telegram-бота...
Traceback (most recent call last):
  File "/root/UPort/main.py", line 87, in <module>
    asyncio.run(start_uport_system())
  File "/usr/lib/python3.12/asyncio/runners.py", line 194, in run
    return runner.run(main)
           ^^^^^^^^^^^^^^^^
  File "/usr/lib/python3.12/asyncio/runners.py", line 118, in run
    return self._loop.run_until_complete(task)
           ^^^^^^^^^^^^^^^^^^^^^^^^^^^^^^^^^^^
  File "/usr/lib/python3.12/asyncio/base_events.py", line 687, in run_until_complete
    return future.result()
           ^^^^^^^^^^^^^^^
  File "/root/UPort/main.py", line 40, in start_uport_system
    from uport_ai_bot import bot, dp, sync_manager
ImportError: cannot import name 'bot' from 'uport_ai_bot' (/root/UPort/uport_ai_bot.py)
INFO:aiogram.dispatcher:Start polling
INFO:aiogram.dispatcher:Run polling for bot @UnitedPortfolios_bot id=8763783873 - 'UPort Assistant'
WARNING:aiogram.dispatcher:Received SIGTERM signal
INFO:aiogram.dispatcher:Polling stopped for bot @UnitedPortfolios_bot id=8763783873 - 'UPort Assistant'
INFO:aiogram.dispatcher:Polling stopped
INFO:aiogram.dispatcher:Start polling
INFO:aiogram.dispatcher:Run polling for bot @UnitedPortfolios_bot id=8763783873 - 'UPort Assistant'
INFO:aiogram.event:Update id=211143055 is not handled. Duration 0 ms by bot id=8763783873
INFO:aiogram.event:Update id=211143056 is handled. Duration 59 ms by bot id=8763783873
INFO:aiogram.event:Update id=211143057 is not handled. Duration 20 ms by bot id=8763783873
ERROR:aiogram.event:Cause exception while process update id=211143057 by bot id=8763783873
TypeError: Database.execute_query() takes 2 positional arguments but 3 were given
Traceback (most recent call last):
  File "/root/UPort/venv/lib/python3.12/site-packages/aiogram/dispatcher/dispatcher.py", line 320, in _process_update
    response = await self.feed_update(bot, update, **kwargs)
               ^^^^^^^^^^^^^^^^^^^^^^^^^^^^^^^^^^^^^^^^^^^^^
  File "/root/UPort/venv/lib/python3.12/site-packages/aiogram/dispatcher/dispatcher.py", line 164, in feed_update
    response = await self.update.wrap_outer_middleware(
               ^^^^^^^^^^^^^^^^^^^^^^^^^^^^^^^^^^^^^^^^
  File "/root/UPort/venv/lib/python3.12/site-packages/aiogram/dispatcher/middlewares/error.py", line 27, in __call__
    return await handler(event, data)
           ^^^^^^^^^^^^^^^^^^^^^^^^^^
  File "/root/UPort/venv/lib/python3.12/site-packages/aiogram/dispatcher/middlewares/user_context.py", line 58, in __call__
    return await handler(event, data)
           ^^^^^^^^^^^^^^^^^^^^^^^^^^
  File "/root/UPort/venv/lib/python3.12/site-packages/aiogram/fsm/middleware.py", line 43, in __call__
    return await handler(event, data)
           ^^^^^^^^^^^^^^^^^^^^^^^^^^
  File "/root/UPort/venv/lib/python3.12/site-packages/aiogram/dispatcher/event/telegram.py", line 126, in trigger
    return await wrapped_inner(event, kwargs)
           ^^^^^^^^^^^^^^^^^^^^^^^^^^^^^^^^^^
  File "/root/UPort/venv/lib/python3.12/site-packages/aiogram/dispatcher/event/handler.py", line 71, in call
    return await wrapped()
           ^^^^^^^^^^^^^^^
  File "/root/UPort/venv/lib/python3.12/site-packages/aiogram/dispatcher/dispatcher.py", line 283, in _listen_update
    return await self.propagate_event(update_type=update_type, event=event, **kwargs)
           ^^^^^^^^^^^^^^^^^^^^^^^^^^^^^^^^^^^^^^^^^^^^^^^^^^^^^^^^^^^^^^^^^^^^^^^^^^
  File "/root/UPort/venv/lib/python3.12/site-packages/aiogram/dispatcher/router.py", line 163, in propagate_event
    return await observer.wrap_outer_middleware(_wrapped, event=event, data=kwargs)
           ^^^^^^^^^^^^^^^^^^^^^^^^^^^^^^^^^^^^^^^^^^^^^^^^^^^^^^^^^^^^^^^^^^^^^^^^
  File "/root/UPort/venv/lib/python3.12/site-packages/aiogram/dispatcher/router.py", line 155, in _wrapped
    return await self._propagate_event(
           ^^^^^^^^^^^^^^^^^^^^^^^^^^^^
  File "/root/UPort/venv/lib/python3.12/site-packages/aiogram/dispatcher/router.py", line 183, in _propagate_event
    response = await observer.trigger(event, **kwargs)
               ^^^^^^^^^^^^^^^^^^^^^^^^^^^^^^^^^^^^^^^
  File "/root/UPort/venv/lib/python3.12/site-packages/aiogram/dispatcher/event/telegram.py", line 126, in trigger
    return await wrapped_inner(event, kwargs)
           ^^^^^^^^^^^^^^^^^^^^^^^^^^^^^^^^^^
  File "/root/UPort/uport_ai_bot.py", line 67, in __call__
    return await handler(event, data)
           ^^^^^^^^^^^^^^^^^^^^^^^^^^
  File "/root/UPort/venv/lib/python3.12/site-packages/aiogram/dispatcher/event/handler.py", line 71, in call
    return await wrapped()
           ^^^^^^^^^^^^^^^
  File "/root/UPort/uport_ai_bot.py", line 135, in process_summary_callback
    user_res_raw = await execute_sql_async(user_sql, (callback.from_user.id,))
                   ^^^^^^^^^^^^^^^^^^^^^^^^^^^^^^^^^^^^^^^^^^^^^^^^^^^^^^^^^^^
  File "/root/UPort/uport_ai_bot.py", line 74, in execute_sql_async
    return await asyncio.to_thread(db_bot.execute_query, sql_query, params)
           ^^^^^^^^^^^^^^^^^^^^^^^^^^^^^^^^^^^^^^^^^^^^^^^^^^^^^^^^^^^^^^^^
  File "/usr/lib/python3.12/asyncio/threads.py", line 25, in to_thread
    return await loop.run_in_executor(None, func_call)
           ^^^^^^^^^^^^^^^^^^^^^^^^^^^^^^^^^^^^^^^^^^^
  File "/usr/lib/python3.12/concurrent/futures/thread.py", line 58, in run
    result = self.fn(*self.args, **self.kwargs)
             ^^^^^^^^^^^^^^^^^^^^^^^^^^^^^^^^^^
TypeError: Database.execute_query() takes 2 positional arguments but 3 were given
INFO:aiogram.event:Update id=211143058 is not handled. Duration 3 ms by bot id=8763783873
INFO:aiogram.event:Update id=211143059 is not handled. Duration 0 ms by bot id=8763783873
INFO:aiogram.event:Update id=211143060 is not handled. Duration 277 ms by bot id=8763783873
ERROR:aiogram.event:Cause exception while process update id=211143060 by bot id=8763783873
TypeError: Database.execute_query() takes 2 positional arguments but 3 were given
Traceback (most recent call last):
  File "/root/UPort/venv/lib/python3.12/site-packages/aiogram/dispatcher/dispatcher.py", line 320, in _process_update
    response = await self.feed_update(bot, update, **kwargs)
               ^^^^^^^^^^^^^^^^^^^^^^^^^^^^^^^^^^^^^^^^^^^^^
  File "/root/UPort/venv/lib/python3.12/site-packages/aiogram/dispatcher/dispatcher.py", line 164, in feed_update
    response = await self.update.wrap_outer_middleware(
               ^^^^^^^^^^^^^^^^^^^^^^^^^^^^^^^^^^^^^^^^
  File "/root/UPort/venv/lib/python3.12/site-packages/aiogram/dispatcher/middlewares/error.py", line 27, in __call__
    return await handler(event, data)
           ^^^^^^^^^^^^^^^^^^^^^^^^^^
  File "/root/UPort/venv/lib/python3.12/site-packages/aiogram/dispatcher/middlewares/user_context.py", line 58, in __call__
    return await handler(event, data)
           ^^^^^^^^^^^^^^^^^^^^^^^^^^
  File "/root/UPort/venv/lib/python3.12/site-packages/aiogram/fsm/middleware.py", line 43, in __call__
    return await handler(event, data)
           ^^^^^^^^^^^^^^^^^^^^^^^^^^
  File "/root/UPort/venv/lib/python3.12/site-packages/aiogram/dispatcher/event/telegram.py", line 126, in trigger
    return await wrapped_inner(event, kwargs)
           ^^^^^^^^^^^^^^^^^^^^^^^^^^^^^^^^^^
  File "/root/UPort/venv/lib/python3.12/site-packages/aiogram/dispatcher/event/handler.py", line 71, in call
    return await wrapped()
           ^^^^^^^^^^^^^^^
  File "/root/UPort/venv/lib/python3.12/site-packages/aiogram/dispatcher/dispatcher.py", line 283, in _listen_update
    return await self.propagate_event(update_type=update_type, event=event, **kwargs)
           ^^^^^^^^^^^^^^^^^^^^^^^^^^^^^^^^^^^^^^^^^^^^^^^^^^^^^^^^^^^^^^^^^^^^^^^^^^
  File "/root/UPort/venv/lib/python3.12/site-packages/aiogram/dispatcher/router.py", line 163, in propagate_event
    return await observer.wrap_outer_middleware(_wrapped, event=event, data=kwargs)
           ^^^^^^^^^^^^^^^^^^^^^^^^^^^^^^^^^^^^^^^^^^^^^^^^^^^^^^^^^^^^^^^^^^^^^^^^
  File "/root/UPort/venv/lib/python3.12/site-packages/aiogram/dispatcher/router.py", line 155, in _wrapped
    return await self._propagate_event(
           ^^^^^^^^^^^^^^^^^^^^^^^^^^^^
  File "/root/UPort/venv/lib/python3.12/site-packages/aiogram/dispatcher/router.py", line 183, in _propagate_event
    response = await observer.trigger(event, **kwargs)
               ^^^^^^^^^^^^^^^^^^^^^^^^^^^^^^^^^^^^^^^
  File "/root/UPort/venv/lib/python3.12/site-packages/aiogram/dispatcher/event/telegram.py", line 126, in trigger
    return await wrapped_inner(event, kwargs)
           ^^^^^^^^^^^^^^^^^^^^^^^^^^^^^^^^^^
  File "/root/UPort/uport_ai_bot.py", line 67, in __call__
    return await handler(event, data)
           ^^^^^^^^^^^^^^^^^^^^^^^^^^
  File "/root/UPort/venv/lib/python3.12/site-packages/aiogram/dispatcher/event/handler.py", line 71, in call
    return await wrapped()
           ^^^^^^^^^^^^^^^
  File "/root/UPort/uport_ai_bot.py", line 135, in process_summary_callback
    user_res_raw = await execute_sql_async(user_sql, (callback.from_user.id,))
                   ^^^^^^^^^^^^^^^^^^^^^^^^^^^^^^^^^^^^^^^^^^^^^^^^^^^^^^^^^^^
  File "/root/UPort/uport_ai_bot.py", line 74, in execute_sql_async
    return await asyncio.to_thread(db_bot.execute_query, sql_query, params)
           ^^^^^^^^^^^^^^^^^^^^^^^^^^^^^^^^^^^^^^^^^^^^^^^^^^^^^^^^^^^^^^^^
  File "/usr/lib/python3.12/asyncio/threads.py", line 25, in to_thread
    return await loop.run_in_executor(None, func_call)
           ^^^^^^^^^^^^^^^^^^^^^^^^^^^^^^^^^^^^^^^^^^^
  File "/usr/lib/python3.12/concurrent/futures/thread.py", line 58, in run
    result = self.fn(*self.args, **self.kwargs)
             ^^^^^^^^^^^^^^^^^^^^^^^^^^^^^^^^^^
TypeError: Database.execute_query() takes 2 positional arguments but 3 were given
INFO:aiogram.event:Update id=211143061 is handled. Duration 35 ms by bot id=8763783873
=== 🚀 [UPort Система] Глобальный запуск семейной экосистемы ===
🧠 [Оркестратор]: Анализ конфигурации пользователей из таблицы users...
🤖 [Оркестратор]: Ленивая загрузка компонентов Telegram-бота...
➕ [Оркестратор]: Регистрация реле времени фоновых задач cron_scheduler...
➕ [Оркестратор]: Регистрирую сокет Freedom Broker [DLM] -> ТОРГОВЫЙ (7A17092)
➕ [Оркестратор]: Регистрирую сокет Freedom Broker [DLM] -> НАКОПИТЕЛЬНЫЙ (D7A17092)
➕ [Оркестратор]: Регистрирую сокет Freedom Broker [EAM] -> ТОРГОВЫЙ (7D3382)
➕ [Оркестратор]: Регистрирую сокет Freedom Broker [EAM] -> НАКОПИТЕЛЬНЫЙ (D7D3382)
➕ [Оркестратор]: Регистрирую службу Telegram-бота...
🧠 [Реле Времени]: Запуск генератора импульсов периодических задач...
🧠 [WS DLM ТОРГОВЫЙ]: Инициализация ядра для счета 7A17092...
🔌 [WS DLM ТОРГОВЫЙ]: Подключение к wss://wss.tradernet.kz...
✅ [WS DLM ТОРГОВЫЙ]: Соединение успешно установлено!
🧠 [WS DLM НАКОПИТЕЛЬНЫЙ (D)]: Инициализация ядра для счета D7A17092...
🔌 [WS DLM НАКОПИТЕЛЬНЫЙ (D)]: Подключение к wss://wss.tradernet.kz...
✅ [WS DLM НАКОПИТЕЛЬНЫЙ (D)]: Соединение успешно установлено!
🧠 [WS EAM ТОРГОВЫЙ]: Инициализация ядра для счета 7D3382...
🔌 [WS EAM ТОРГОВЫЙ]: Подключение к wss://wss.tradernet.kz...
✅ [WS EAM ТОРГОВЫЙ]: Соединение успешно установлено!
ℹ️ [WS EAM]: Ключи для контура НАКОПИТЕЛЬНЫЙ (D) отсутствуют в .env. Слушатель пропущен.
⏱️ [Реле Времени]: Контур цен акций успешно взведен.

⚡ [17:34:31] Прямой запуск обновления котировок акций...
⏱️ [Реле Времени]: Контур курсов валют успешно взведен.

⚡ [17:34:31] Прямой запуск обновления курсов валют...
📡 [Yahoo Forex]: Сбор валют из системного справочника public.currencies...
=== ✅ [Оркестратор]: Все компоненты увязаны в единый Event Loop. Старт потоков... ===

📊 [Yahoo Forex]: Запуск обновления для пар к USD: ['EUR', 'KZT', 'GBP', 'RUR']
   • Обновляю курс EUR -> USD... 💼 [Cron]: Обновляю 26 бумаг у брокера Freedom Broker (ID: 1)
📡 [REST FB]: Запрос котировок getStockQuotesJson для: ['AAPL.US', 'AMD.US', 'AMZN.US', 'APH.US', 'ASML.US', 'BA.US', 'BRK.B.US', 'CCJ.US', 'CEG.US', 'CIFR.US', 'COPX.US', 'GLDM.US', 'GOOGL.US', 'IGV.US', 'LLY.US', 'MELI.US', 'META.US', 'MSFT.US', 'NOW.US', 'PG.US', 'SOFI.US', 'TSM.US', 'UBER.US', 'USAR.US', 'VRTX.US', 'WEAT.US']
🔵 [WS DLM ТОРГОВЫЙ]: Триггер ордера! Вызов sync_manager...
🔵 [WS EAM ТОРГОВЫЙ]: Триггер ордера! Вызов sync_manager...
🔵 [WS DLM НАКОПИТЕЛЬНЫЙ (D)]: Триггер ордера! Вызов sync_manager...
🟢 [WS DLM НАКОПИТЕЛЬНЫЙ (D)]: Изменение портфеля! Вызов sync_manager...
🟢 [WS DLM ТОРГОВЫЙ]: Изменение портфеля! Вызов sync_manager...
🟢 [WS EAM ТОРГОВЫЙ]: Изменение портфеля! Вызов sync_manager...
   • AAPL.US успешно актуализирован: 297.95
   • AMD.US успешно актуализирован: 423.58
✅ 1.161305
🚀 [WS DLM НАКОПИТЕЛЬНЫЙ (D)]: База данных актуализирована по ордерам.
   • AMZN.US успешно актуализирован: 258.53
   • Обновляю курс KZT -> USD...    • APH.US успешно актуализирован: 120.03
   • ASML.US успешно актуализирован: 1473.56
   • BA.US успешно актуализирован: 219.23
   • BRK.B.US успешно актуализирован: 485.65
✅ 0.002125
   • CCJ.US успешно актуализирован: 104.11
   • CEG.US успешно актуализирован: 260.00
   • Обновляю курс GBP -> USD...    • CIFR.US успешно актуализирован: 18.70
   • COPX.US успешно актуализирован: 80.06
   • GLDM.US успешно актуализирован: 89.13
   • GOOGL.US успешно актуализирован: 390.29
   • IGV.US успешно актуализирован: 92.29
   • LLY.US успешно актуализирован: 1010.99
✅ 1.340806
🚀 [WS DLM НАКОПИТЕЛЬНЫЙ (D)]: База данных актуализирована по портфелю.
   • MELI.US успешно актуализирован: 1592.49
   • META.US успешно актуализирован: 602.66
   • Обновляю курс RUR -> USD...    • MSFT.US успешно актуализирован: 418.91
   • NOW.US успешно актуализирован: 101.71
   • PG.US успешно актуализирован: 141.67
   • SOFI.US успешно актуализирован: 15.29
   • TSM.US успешно актуализирован: 396.78
✅ 0.014072
   • UBER.US успешно актуализирован: 74.51
   • USAR.US успешно актуализирован: 20.41
🏁 [Yahoo Forex]: Синхронизация валютных курсов завершена.
   • VRTX.US успешно актуализирован: 439.64
   • WEAT.US успешно актуализирован: 25.20
🚀 [WS DLM ТОРГОВЫЙ]: База данных актуализирована по ордерам.
🚀 [WS DLM ТОРГОВЫЙ]: База данных актуализирована по портфелю.
🚀 [WS EAM ТОРГОВЫЙ]: База данных актуализирована по ордерам.
🚀 [WS EAM ТОРГОВЫЙ]: База данных актуализирована по портфелю.

⚡ [17:49:40] Прямой запуск обновления котировок акций...
💼 [Cron]: Обновляю 26 бумаг у брокера Freedom Broker (ID: 1)
📡 [REST FB]: Запрос котировок getStockQuotesJson для: ['NOW.US', 'PG.US', 'SOFI.US', 'TSM.US', 'UBER.US', 'USAR.US', 'VRTX.US', 'WEAT.US', 'AAPL.US', 'AMD.US', 'AMZN.US', 'APH.US', 'ASML.US', 'BA.US', 'BRK.B.US', 'CCJ.US', 'CEG.US', 'CIFR.US', 'COPX.US', 'GLDM.US', 'GOOGL.US', 'IGV.US', 'LLY.US', 'MELI.US', 'META.US', 'MSFT.US']
   • AAPL.US успешно актуализирован: 298.17
   • AMD.US успешно актуализирован: 422.35
   • AMZN.US успешно актуализирован: 258.71
   • APH.US успешно актуализирован: 119.90
   • ASML.US успешно актуализирован: 1468.32
   • BA.US успешно актуализирован: 219.35
   • BRK.B.US успешно актуализирован: 486.29
   • CCJ.US успешно актуализирован: 103.66
   • CEG.US успешно актуализирован: 259.31
   • CIFR.US успешно актуализирован: 18.73
   • COPX.US успешно актуализирован: 79.89
   • GLDM.US успешно актуализирован: 89.06
   • GOOGL.US успешно актуализирован: 389.85
   • IGV.US успешно актуализирован: 92.37
   • LLY.US успешно актуализирован: 1010.84
   • MELI.US успешно актуализирован: 1594.34WARNING:aiogram.dispatcher:Received SIGTERM signal
INFO:aiogram.dispatcher:Polling stopped for bot @UnitedPortfolios_bot id=8763783873 - 'UPort Assistant'
INFO:aiogram.dispatcher:Polling stopped
INFO:aiogram.dispatcher:Start polling
INFO:aiogram.dispatcher:Run polling for bot @UnitedPortfolios_bot id=8763783873 - 'UPort Assistant'
INFO:aiogram.event:Update id=211143062 is handled. Duration 75 ms by bot id=8763783873
INFO:aiogram.event:Update id=211143063 is handled. Duration 181 ms by bot id=8763783873
INFO:aiogram.event:Update id=211143064 is handled. Duration 143 ms by bot id=8763783873
INFO:aiogram.event:Update id=211143065 is handled. Duration 178 ms by bot id=8763783873
INFO:aiogram.event:Update id=211143066 is handled. Duration 138 ms by bot id=8763783873
=== 🚀 [UPort Система] Глобальный запуск семейной экосистемы ===
🧠 [Оркестратор]: Анализ конфигурации пользователей из таблицы users...
🤖 [Оркестратор]: Ленивая загрузка компонентов Telegram-бота...
➕ [Оркестратор]: Регистрация реле времени фоновых задач cron_scheduler...
➕ [Оркестратор]: Регистрирую сокет Freedom Broker [DLM] -> ТОРГОВЫЙ (7A17092)
➕ [Оркестратор]: Регистрирую сокет Freedom Broker [DLM] -> НАКОПИТЕЛЬНЫЙ (D7A17092)
➕ [Оркестратор]: Регистрирую сокет Freedom Broker [EAM] -> ТОРГОВЫЙ (7D3382)
➕ [Оркестратор]: Регистрирую сокет Freedom Broker [EAM] -> НАКОПИТЕЛЬНЫЙ (D7D3382)
➕ [Оркестратор]: Регистрирую службу Telegram-бота...
🧠 [Реле Времени]: Запуск генератора импульсов периодических задач...
🧠 [WS DLM ТОРГОВЫЙ]: Инициализация ядра для счета 7A17092...
🔌 [WS DLM ТОРГОВЫЙ]: Подключение к wss://wss.tradernet.kz...
✅ [WS DLM ТОРГОВЫЙ]: Соединение успешно установлено!
🧠 [WS DLM НАКОПИТЕЛЬНЫЙ (D)]: Инициализация ядра для счета D7A17092...
🔌 [WS DLM НАКОПИТЕЛЬНЫЙ (D)]: Подключение к wss://wss.tradernet.kz...
✅ [WS DLM НАКОПИТЕЛЬНЫЙ (D)]: Соединение успешно установлено!
🧠 [WS EAM ТОРГОВЫЙ]: Инициализация ядра для счета 7D3382...
🔌 [WS EAM ТОРГОВЫЙ]: Подключение к wss://wss.tradernet.kz...
✅ [WS EAM ТОРГОВЫЙ]: Соединение успешно установлено!
ℹ️ [WS EAM]: Ключи для контура НАКОПИТЕЛЬНЫЙ (D) отсутствуют в .env. Слушатель пропущен.
⏱️ [Реле Времени]: Контур цен акций успешно взведен.

⚡ [18:26:11] Прямой запуск обновления котировок акций...
⏱️ [Реле Времени]: Контур курсов валют успешно взведен.

⚡ [18:26:11] Прямой запуск обновления курсов валют...
📡 [Yahoo Forex]: Сбор валют из системного справочника public.currencies...
=== ✅ [Оркестратор]: Все компоненты увязаны в единый Event Loop. Старт потоков... ===

📊 [Yahoo Forex]: Запуск обновления для пар к USD: ['EUR', 'KZT', 'GBP', 'RUR']
   • Обновляю курс EUR -> USD... 💼 [Cron]: Обновляю 26 бумаг у брокера Freedom Broker (ID: 1)
📡 [REST FB]: Запрос котировок getStockQuotesJson для: ['AAPL.US', 'AMD.US', 'AMZN.US', 'APH.US', 'ASML.US', 'BA.US', 'BRK.B.US', 'CCJ.US', 'CEG.US', 'CIFR.US', 'COPX.US', 'GLDM.US', 'GOOGL.US', 'IGV.US', 'LLY.US', 'MELI.US', 'META.US', 'MSFT.US', 'NOW.US', 'PG.US', 'SOFI.US', 'TSM.US', 'UBER.US', 'USAR.US', 'VRTX.US', 'WEAT.US']
🔵 [WS DLM НАКОПИТЕЛЬНЫЙ (D)]: Триггер ордера! Вызов sync_manager...
🔵 [WS DLM ТОРГОВЫЙ]: Триггер ордера! Вызов sync_manager...
🟢 [WS DLM ТОРГОВЫЙ]: Изменение портфеля! Вызов sync_manager...
🟢 [WS DLM НАКОПИТЕЛЬНЫЙ (D)]: Изменение портфеля! Вызов sync_manager...
🔵 [WS EAM ТОРГОВЫЙ]: Триггер ордера! Вызов sync_manager...
🟢 [WS EAM ТОРГОВЫЙ]: Изменение портфеля! Вызов sync_manager...
✅ 1.161440
   • Обновляю курс KZT -> USD...    • AAPL.US успешно актуализирован: 298.26
   • AMD.US успешно актуализирован: 419.03
🚀 [WS DLM НАКОПИТЕЛЬНЫЙ (D)]: База данных актуализирована по ордерам.
   • AMZN.US успешно актуализирован: 259.40
✅ 0.002125
   • APH.US успешно актуализирован: 119.91
   • ASML.US успешно актуализирован: 1465.40
   • Обновляю курс GBP -> USD...    • BA.US успешно актуализирован: 218.51
   • BRK.B.US успешно актуализирован: 484.87
   • CCJ.US успешно актуализирован: 104.32
   • CEG.US успешно актуализирован: 259.50
✅ 1.340806
   • CIFR.US успешно актуализирован: 18.84
   • COPX.US успешно актуализирован: 79.66
   • GLDM.US успешно актуализирован: 89.02
   • Обновляю курс RUR -> USD...    • GOOGL.US успешно актуализирован: 390.93
   • IGV.US успешно актуализирован: 92.27
🚀 [WS DLM НАКОПИТЕЛЬНЫЙ (D)]: База данных актуализирована по портфелю.
   • LLY.US успешно актуализирован: 1015.26
   • MELI.US успешно актуализирован: 1600.71
✅ 0.014072
   • META.US успешно актуализирован: 602.37
   • MSFT.US успешно актуализирован: 419.26
   • NOW.US успешно актуализирован: 102.79
🏁 [Yahoo Forex]: Синхронизация валютных курсов завершена.
   • PG.US успешно актуализирован: 141.34
   • SOFI.US успешно актуализирован: 15.33
   • TSM.US успешно актуализирован: 395.69
   • UBER.US успешно актуализирован: 74.57
   • USAR.US успешно актуализирован: 20.38
   • VRTX.US успешно актуализирован: 438.63
   • WEAT.US успешно актуализирован: 25.13
🚀 [WS DLM ТОРГОВЫЙ]: База данных актуализирована по ордерам.
🚀 [WS DLM ТОРГОВЫЙ]: База данных актуализирована по портфелю.
🚀 [WS EAM ТОРГОВЫЙ]: База данных актуализирована по ордерам.
🚀 [WS EAM ТОРГОВЫЙ]: База данных актуализирована по портфелю.

⚡ [18:41:19] Прямой запуск обновления котировок акций...
💼 [Cron]: Обновляю 26 бумаг у брокера Freedom Broker (ID: 1)
📡 [REST FB]: Запрос котировок getStockQuotesJson для: ['ASML.US', 'BA.US', 'BRK.B.US', 'CCJ.US', 'CEG.US', 'CIFR.US', 'COPX.US', 'GLDM.US', 'GOOGL.US', 'IGV.US', 'LLY.US', 'MELI.US', 'META.US', 'MSFT.US', 'NOW.US', 'PG.US', 'SOFI.US', 'TSM.US', 'UBER.US', 'USAR.US', 'VRTX.US', 'WEAT.US', 'AAPL.US', 'AMD.US', 'AMZN.US', 'APH.US']
   • AAPL.US успешно актуализирован: 297.85
   • AMD.US успешно актуализирован: 417.40
   • AMZN.US успешно актуализирован: 259.11
   • APH.US успешно актуализирован: 119.85
   • ASML.US успешно актуализирован: 1461.03
   • BA.US успешно актуализирован: 217.38
   • BRK.B.US успешно актуализирован: 485.13
   • CCJ.US успешно актуализирован: 103.87
   • CEG.US успешно актуализирован: 259.34
   • CIFR.US успешно актуализирован: 18.73
   • COPX.US успешно актуализирован: 79.77
   • GLDM.US успешно актуализирован: 89.03
   • GOOGL.US успешно актуализирован: 389.96
   • IGV.US успешно актуализирован: 92.30
   • LLY.US успешно актуализирован: 1016.23
   • MELI.US успешно актуализирован: 1603.42INFO:aiogram.event:Update id=211143067 is handled. Duration 58 ms by bot id=8763783873
INFO:aiogram.event:Update id=211143068 is handled. Duration 80 ms by bot id=8763783873
WARNING:aiogram.dispatcher:Received SIGTERM signal
INFO:aiogram.dispatcher:Polling stopped for bot @UnitedPortfolios_bot id=8763783873 - 'UPort Assistant'
INFO:aiogram.dispatcher:Polling stopped
INFO:aiogram.dispatcher:Start polling
INFO:aiogram.dispatcher:Run polling for bot @UnitedPortfolios_bot id=8763783873 - 'UPort Assistant'
INFO:aiogram.event:Update id=211143069 is handled. Duration 215 ms by bot id=8763783873
=== 🚀 [UPort Система] Глобальный запуск семейной экосистемы ===
🧠 [Оркестратор]: Анализ конфигурации пользователей из таблицы users...
🤖 [Оркестратор]: Ленивая загрузка компонентов Telegram-бота...
➕ [Оркестратор]: Регистрация реле времени фоновых задач cron_scheduler...
➕ [Оркестратор]: Регистрирую сокет Freedom Broker [DLM] -> ТОРГОВЫЙ (7A17092)
➕ [Оркестратор]: Регистрирую сокет Freedom Broker [DLM] -> НАКОПИТЕЛЬНЫЙ (D7A17092)
➕ [Оркестратор]: Регистрирую сокет Freedom Broker [EAM] -> ТОРГОВЫЙ (7D3382)
➕ [Оркестратор]: Регистрирую сокет Freedom Broker [EAM] -> НАКОПИТЕЛЬНЫЙ (D7D3382)
➕ [Оркестратор]: Регистрирую службу Telegram-бота...
🧠 [Реле Времени]: Запуск генератора импульсов периодических задач...
🧠 [WS DLM ТОРГОВЫЙ]: Инициализация ядра для счета 7A17092...
🔌 [WS DLM ТОРГОВЫЙ]: Подключение к wss://wss.tradernet.kz...
✅ [WS DLM ТОРГОВЫЙ]: Соединение успешно установлено!
🧠 [WS DLM НАКОПИТЕЛЬНЫЙ (D)]: Инициализация ядра для счета D7A17092...
🔌 [WS DLM НАКОПИТЕЛЬНЫЙ (D)]: Подключение к wss://wss.tradernet.kz...
✅ [WS DLM НАКОПИТЕЛЬНЫЙ (D)]: Соединение успешно установлено!
🧠 [WS EAM ТОРГОВЫЙ]: Инициализация ядра для счета 7D3382...
🔌 [WS EAM ТОРГОВЫЙ]: Подключение к wss://wss.tradernet.kz...
✅ [WS EAM ТОРГОВЫЙ]: Соединение успешно установлено!
ℹ️ [WS EAM]: Ключи для контура НАКОПИТЕЛЬНЫЙ (D) отсутствуют в .env. Слушатель пропущен.
⏱️ [Реле Времени]: Контур цен акций успешно взведен.

⚡ [19:17:26] Прямой запуск обновления котировок акций...
⏱️ [Реле Времени]: Контур курсов валют успешно взведен.

⚡ [19:17:26] Прямой запуск обновления курсов валют...
📡 [Yahoo Forex]: Сбор валют из системного справочника public.currencies...
=== ✅ [Оркестратор]: Все компоненты увязаны в единый Event Loop. Старт потоков... ===

📊 [Yahoo Forex]: Запуск обновления для пар к USD: ['EUR', 'KZT', 'GBP', 'RUR']
   • Обновляю курс EUR -> USD... 💼 [Cron]: Обновляю 26 бумаг у брокера Freedom Broker (ID: 1)
📡 [REST FB]: Запрос котировок getStockQuotesJson для: ['META.US', 'MSFT.US', 'NOW.US', 'PG.US', 'SOFI.US', 'TSM.US', 'UBER.US', 'USAR.US', 'VRTX.US', 'WEAT.US', 'AAPL.US', 'AMD.US', 'AMZN.US', 'APH.US', 'ASML.US', 'BA.US', 'BRK.B.US', 'CCJ.US', 'CEG.US', 'CIFR.US', 'COPX.US', 'GLDM.US', 'GOOGL.US', 'IGV.US', 'LLY.US', 'MELI.US']
🔵 [WS DLM ТОРГОВЫЙ]: Триггер ордера! Вызов sync_manager...
🔵 [WS EAM ТОРГОВЫЙ]: Триггер ордера! Вызов sync_manager...
🔵 [WS DLM НАКОПИТЕЛЬНЫЙ (D)]: Триггер ордера! Вызов sync_manager...
🟢 [WS DLM НАКОПИТЕЛЬНЫЙ (D)]: Изменение портфеля! Вызов sync_manager...
🟢 [WS DLM ТОРГОВЫЙ]: Изменение портфеля! Вызов sync_manager...
🟢 [WS EAM ТОРГОВЫЙ]: Изменение портфеля! Вызов sync_manager...
✅ 1.160766
   • Обновляю курс KZT -> USD...    • AAPL.US успешно актуализирован: 298.23
   • AMD.US успешно актуализирован: 418.60
🚀 [WS DLM НАКОПИТЕЛЬНЫЙ (D)]: База данных актуализирована по ордерам.
   • AMZN.US успешно актуализирован: 259.27
   • APH.US успешно актуализирован: 119.10
   • ASML.US успешно актуализирован: 1467.00
✅ 0.002125
   • BA.US успешно актуализирован: 215.67
   • BRK.B.US успешно актуализирован: 484.43
   • CCJ.US успешно актуализирован: 104.01
   • CEG.US успешно актуализирован: 259.80
   • Обновляю курс GBP -> USD...    • CIFR.US успешно актуализирован: 18.76
   • COPX.US успешно актуализирован: 79.69
   • GLDM.US успешно актуализирован: 88.92
   • GOOGL.US успешно актуализирован: 389.56
✅ 1.340177
   • IGV.US успешно актуализирован: 92.23
   • LLY.US успешно актуализирован: 1014.76
🚀 [WS DLM НАКОПИТЕЛЬНЫЙ (D)]: База данных актуализирована по портфелю.
   • MELI.US успешно актуализирован: 1605.00
   • Обновляю курс RUR -> USD...    • META.US успешно актуализирован: 602.05
   • MSFT.US успешно актуализирован: 418.24
   • NOW.US успешно актуализирован: 102.91
   • PG.US успешно актуализирован: 141.16
✅ 0.014072
   • SOFI.US успешно актуализирован: 15.30
   • TSM.US успешно актуализирован: 394.84
   • UBER.US успешно актуализирован: 74.61
🏁 [Yahoo Forex]: Синхронизация валютных курсов завершена.
   • USAR.US успешно актуализирован: 20.39
   • VRTX.US успешно актуализирован: 435.84
   • WEAT.US успешно актуализирован: 25.17
🚀 [WS DLM ТОРГОВЫЙ]: База данных актуализирована по ордерам.
🚀 [WS DLM ТОРГОВЫЙ]: База данных актуализирована по портфелю.
🚀 [WS EAM ТОРГОВЫЙ]: База данных актуализирована по ордерам.
🚀 [WS EAM ТОРГОВЫЙ]: База данных актуализирована по портфелю.

⚡ [19:20:36] Прямой запуск обновления котировок акций...
💼 [Cron]: Обновляю 26 бумаг у брокера Freedom Broker (ID: 1)
📡 [REST FB]: Запрос котировок getStockQuotesJson для: ['AAPL.US', 'AMD.US', 'AMZN.US', 'APH.US', 'ASML.US', 'BA.US', 'BRK.B.US', 'CCJ.US', 'CEG.US', 'CIFR.US', 'COPX.US', 'GLDM.US', 'GOOGL.US', 'IGV.US', 'LLY.US', 'MELI.US', 'META.US', 'MSFT.US', 'NOW.US', 'PG.US', 'SOFI.US', 'TSM.US', 'UBER.US', 'USAR.US', 'VRTX.US', 'WEAT.US']
   • AAPL.US успешно актуализирован: 298.20
   • AMD.US успешно актуализирован: 417.30
   • AMZN.US успешно актуализирован: 259.40
   • APH.US успешно актуализирован: 118.87
   • ASML.US успешно актуализирован: 1464.47
   • BA.US успешно актуализирован: 215.55
   • BRK.B.US успешно актуализирован: 484.51
   • CCJ.US успешно актуализирован: 103.74
   • CEG.US успешно актуализирован: 259.90
   • CIFR.US успешно актуализирован: 18.62
   • COPX.US успешно актуализирован: 79.58
   • GLDM.US успешно актуализирован: 88.88
   • GOOGL.US успешно актуализирован: 389.94
   • IGV.US успешно актуализирован: 92.28
   • LLY.US успешно актуализирован: 1015.10
   • MELI.US успешно актуализирован: 1605.40INFO:aiogram.event:Update id=211143070 is handled. Duration 5155 ms by bot id=8763783873
INFO:aiogram.event:Update id=211143071 is handled. Duration 55 ms by bot id=8763783873
INFO:aiogram.event:Update id=211143072 is handled. Duration 189 ms by bot id=8763783873
INFO:aiogram.event:Update id=211143073 is handled. Duration 168 ms by bot id=8763783873
INFO:aiogram.event:Update id=211143074 is handled. Duration 235 ms by bot id=8763783873
INFO:aiogram.event:Update id=211143075 is handled. Duration 213 ms by bot id=8763783873
INFO:aiogram.event:Update id=211143076 is handled. Duration 155 ms by bot id=8763783873
INFO:aiogram.event:Update id=211143077 is handled. Duration 54 ms by bot id=8763783873
INFO:aiogram.event:Update id=211143078 is handled. Duration 78 ms by bot id=8763783873

   • META.US успешно актуализирован: 602.74
   • MSFT.US успешно актуализирован: 418.51
   • NOW.US успешно актуализирован: 103.08
   • PG.US успешно актуализирован: 141.32
   • SOFI.US успешно актуализирован: 15.30
   • TSM.US успешно актуализирован: 394.20
   • UBER.US успешно актуализирован: 74.80
   • USAR.US успешно актуализирован: 20.28
   • VRTX.US успешно актуализирован: 436.02
   • WEAT.US успешно актуализирован: 25.17

⚡ [19:20:38] Прямой запуск обновления курсов валют...
📡 [Yahoo Forex]: Сбор валют из системного справочника public.currencies...
📊 [Yahoo Forex]: Запуск обновления для пар к USD: ['EUR', 'KZT', 'GBP', 'RUR']
   • Обновляю курс EUR -> USD... ✅ 1.160766
   • Обновляю курс KZT -> USD... ✅ 0.002125
   • Обновляю курс GBP -> USD... ✅ 1.340159
   • Обновляю курс RUR -> USD... ✅ 0.014072
🏁 [Yahoo Forex]: Синхронизация валютных курсов завершена.

⚡ [19:32:32] Прямой запуск обновления котировок акций...
💼 [Cron]: Обновляю 26 бумаг у брокера Freedom Broker (ID: 1)
📡 [REST FB]: Запрос котировок getStockQuotesJson для: ['CIFR.US', 'COPX.US', 'GLDM.US', 'GOOGL.US', 'IGV.US', 'LLY.US', 'MELI.US', 'META.US', 'MSFT.US', 'NOW.US', 'PG.US', 'SOFI.US', 'TSM.US', 'UBER.US', 'USAR.US', 'VRTX.US', 'WEAT.US', 'AAPL.US', 'AMD.US', 'AMZN.US', 'APH.US', 'ASML.US', 'BA.US', 'BRK.B.US', 'CCJ.US', 'CEG.US']
   • AAPL.US успешно актуализирован: 298.27
   • AMD.US успешно актуализирован: 417.66
   • AMZN.US успешно актуализирован: 259.23
   • APH.US успешно актуализирован: 118.74
   • ASML.US успешно актуализирован: 1464.76
   • BA.US успешно актуализирован: 214.87
   • BRK.B.US успешно актуализирован: 482.70
   • CCJ.US успешно актуализирован: 103.42
   • CEG.US успешно актуализирован: 259.97
   • CIFR.US успешно актуализирован: 18.59
   • COPX.US успешно актуализирован: 79.51
   • GLDM.US успешно актуализирован: 88.82
   • GOOGL.US успешно актуализирован: 389.49
   • IGV.US успешно актуализирован: 92.23
   • LLY.US успешно актуализирован: 1016.34
   • MELI.US успешно актуализирован: 1604.54
   • META.US успешно актуализирован: 602.28
   • MSFT.US успешно актуализирован: 418.39
   • NOW.US успешно актуализирован: 103.09
   • PG.US успешно актуализирован: 141.16
   • SOFI.US успешно актуализирован: 15.29
   • TSM.US успешно актуализирован: 393.42
   • UBER.US успешно актуализирован: 74.46
   • USAR.US успешно актуализирован: 20.13
   • VRTX.US успешно актуализирован: 435.30
   • WEAT.US успешно актуализирован: 25.18

⚡ [19:47:34] Прямой запуск обновления котировок акций...
💼 [Cron]: Обновляю 26 бумаг у брокера Freedom Broker (ID: 1)
📡 [REST FB]: Запрос котировок getStockQuotesJson для: ['AAPL.US', 'AMD.US', 'AMZN.US', 'APH.US', 'ASML.US', 'BA.US', 'BRK.B.US', 'CCJ.US', 'CEG.US', 'CIFR.US', 'COPX.US', 'GLDM.US', 'GOOGL.US', 'IGV.US', 'LLY.US', 'MELI.US', 'META.US', 'MSFT.US', 'NOW.US', 'PG.US', 'SOFI.US', 'TSM.US', 'UBER.US', 'USAR.US', 'VRTX.US', 'WEAT.US']
   • AAPL.US успешно актуализирован: 298.08
   • AMD.US успешно актуализирован: 415.58
   • AMZN.US успешно актуализирован: 259.30
   • APH.US успешно актуализирован: 118.86
   • ASML.US успешно актуализирован: 1457.41
   • BA.US успешно актуализирован: 214.40
   • BRK.B.US успешно актуализирован: 481.73
   • CCJ.US успешно актуализирован: 103.44
   • CEG.US успешно актуализирован: 260.83
   • CIFR.US успешно актуализирован: 18.76
   • COPX.US успешно актуализирован: 79.38
   • GLDM.US успешно актуализирован: 88.76
   • GOOGL.US успешно актуализирован: 388.48
   • IGV.US успешно актуализирован: 92.19
   • LLY.US успешно актуализирован: 1013.59
   • MELI.US успешно актуализирован: 1603.11
   • META.US успешно актуализирован: 602.38
   • MSFT.US успешно актуализирован: 417.81
   • NOW.US успешно актуализирован: 102.77
   • PG.US успешно актуализирован: 140.88
   • SOFI.US успешно актуализирован: 15.24
   • TSM.US успешно актуализирован: 393.13
   • UBER.US успешно актуализирован: 74.32
   • USAR.US успешно актуализирован: 20.06
   • VRTX.US успешно актуализирован: 435.58
   • WEAT.US успешно актуализирован: 25.18

⚡ [20:02:36] Прямой запуск обновления котировок акций...
💼 [Cron]: Обновляю 26 бумаг у брокера Freedom Broker (ID: 1)
📡 [REST FB]: Запрос котировок getStockQuotesJson для: ['AMZN.US', 'APH.US', 'ASML.US', 'BA.US', 'BRK.B.US', 'CCJ.US', 'CEG.US', 'CIFR.US', 'COPX.US', 'GLDM.US', 'GOOGL.US', 'IGV.US', 'LLY.US', 'MELI.US', 'META.US', 'MSFT.US', 'NOW.US', 'PG.US', 'SOFI.US', 'TSM.US', 'UBER.US', 'USAR.US', 'VRTX.US', 'WEAT.US', 'AAPL.US', 'AMD.US']
   • AAPL.US успешно актуализирован: 298.93
   • AMD.US успешно актуализирован: 414.87
   • AMZN.US успешно актуализирован: 259.23
   • APH.US успешно актуализирован: 119.24
   • ASML.US успешно актуализирован: 1458.36
   • BA.US успешно актуализирован: 214.98
   • BRK.B.US успешно актуализирован: 480.68
   • CCJ.US успешно актуализирован: 103.42
   • CEG.US успешно актуализирован: 260.18
   • CIFR.US успешно актуализирован: 18.80
   • COPX.US успешно актуализирован: 79.42
   • GLDM.US успешно актуализирован: 88.71
   • GOOGL.US успешно актуализирован: 387.65
   • IGV.US успешно актуализирован: 91.90
   • LLY.US успешно актуализирован: 1019.40
   • MELI.US успешно актуализирован: 1593.85
   • META.US успешно актуализирован: 602.15
   • MSFT.US успешно актуализирован: 416.70
   • NOW.US успешно актуализирован: 101.82
   • PG.US успешно актуализирован: 141.43
   • SOFI.US успешно актуализирован: 15.23
   • TSM.US успешно актуализирован: 393.20
   • UBER.US успешно актуализирован: 74.10
   • USAR.US успешно актуализирован: 19.93
   • VRTX.US успешно актуализирован: 432.10
   • WEAT.US успешно актуализирован: 25.19

⚡ [20:17:38] Прямой запуск обновления котировок акций...
💼 [Cron]: Обновляю 26 бумаг у брокера Freedom Broker (ID: 1)
📡 [REST FB]: Запрос котировок getStockQuotesJson для: ['TSM.US', 'UBER.US', 'USAR.US', 'VRTX.US', 'WEAT.US', 'AAPL.US', 'AMD.US', 'AMZN.US', 'APH.US', 'ASML.US', 'BA.US', 'BRK.B.US', 'CCJ.US', 'CEG.US', 'CIFR.US', 'COPX.US', 'GLDM.US', 'GOOGL.US', 'IGV.US', 'LLY.US', 'MELI.US', 'META.US', 'MSFT.US', 'NOW.US', 'PG.US', 'SOFI.US']
   • AAPL.US успешно актуализирован: 298.55
   • AMD.US успешно актуализирован: 414.55
   • AMZN.US успешно актуализирован: 259.00
   • APH.US успешно актуализирован: 119.40
   • ASML.US успешно актуализирован: 1461.00
   • BA.US успешно актуализирован: 215.08
   • BRK.B.US успешно актуализирован: 480.78
   • CCJ.US успешно актуализирован: 103.87
   • CEG.US успешно актуализирован: 261.36
   • CIFR.US успешно актуализирован: 18.84
   • COPX.US успешно актуализирован: 79.76
   • GLDM.US успешно актуализирован: 88.76
   • GOOGL.US успешно актуализирован: 387.80
   • IGV.US успешно актуализирован: 91.97
   • LLY.US успешно актуализирован: 1017.04
   • MELI.US успешно актуализирован: 1590.06
   • META.US успешно актуализирован: 602.45
   • MSFT.US успешно актуализирован: 416.33
   • NOW.US успешно актуализирован: 101.63
   • PG.US успешно актуализирован: 141.37
   • SOFI.US успешно актуализирован: 15.21
   • TSM.US успешно актуализирован: 393.04
   • UBER.US успешно актуализирован: 74.13
   • USAR.US успешно актуализирован: 19.99
   • VRTX.US успешно актуализирован: 430.20
   • WEAT.US успешно актуализирован: 25.19

⚡ [20:32:40] Прямой запуск обновления котировок акций...
💼 [Cron]: Обновляю 26 бумаг у брокера Freedom Broker (ID: 1)
📡 [REST FB]: Запрос котировок getStockQuotesJson для: ['AAPL.US', 'AMD.US', 'AMZN.US', 'APH.US', 'ASML.US', 'BA.US', 'BRK.B.US', 'CCJ.US', 'CEG.US', 'CIFR.US', 'COPX.US', 'GLDM.US', 'GOOGL.US', 'IGV.US', 'LLY.US', 'MELI.US', 'META.US', 'MSFT.US', 'NOW.US', 'PG.US', 'SOFI.US', 'TSM.US', 'UBER.US', 'USAR.US', 'VRTX.US', 'WEAT.US']
   • AAPL.US успешно актуализирован: 298.57
   • AMD.US успешно актуализирован: 414.93
   • AMZN.US успешно актуализирован: 259.04
   • APH.US успешно актуализирован: 119.22
   • ASML.US успешно актуализирован: 1460.50
   • BA.US успешно актуализирован: 214.99
   • BRK.B.US успешно актуализирован: 481.00
   • CCJ.US успешно актуализирован: 103.63
   • CEG.US успешно актуализирован: 261.12
   • CIFR.US успешно актуализирован: 18.79
   • COPX.US успешно актуализирован: 79.44
   • GLDM.US успешно актуализирован: 88.79
   • GOOGL.US успешно актуализирован: 387.31
   • IGV.US успешно актуализирован: 92.10
   • LLY.US успешно актуализирован: 1016.49
   • MELI.US успешно актуализирован: 1595.00
   • META.US успешно актуализирован: 602.20
   • MSFT.US успешно актуализирован: 416.49
   • NOW.US успешно актуализирован: 101.42
   • PG.US успешно актуализирован: 141.38
   • SOFI.US успешно актуализирован: 15.23
   • TSM.US успешно актуализирован: 393.20
   • UBER.US успешно актуализирован: 74.14
   • USAR.US успешно актуализирован: 19.98
   • VRTX.US успешно актуализирован: 430.20
   • WEAT.US успешно актуализирован: 25.19

⚡ [20:47:42] Прямой запуск обновления котировок акций...
💼 [Cron]: Обновляю 26 бумаг у брокера Freedom Broker (ID: 1)
📡 [REST FB]: Запрос котировок getStockQuotesJson для: ['LLY.US', 'MELI.US', 'META.US', 'MSFT.US', 'NOW.US', 'PG.US', 'SOFI.US', 'TSM.US', 'UBER.US', 'USAR.US', 'VRTX.US', 'WEAT.US', 'AAPL.US', 'AMD.US', 'AMZN.US', 'APH.US', 'ASML.US', 'BA.US', 'BRK.B.US', 'CCJ.US', 'CEG.US', 'CIFR.US', 'COPX.US', 'GLDM.US', 'GOOGL.US', 'IGV.US']
   • AAPL.US успешно актуализирован: 298.75
   • AMD.US успешно актуализирован: 414.60
   • AMZN.US успешно актуализирован: 258.99
   • APH.US успешно актуализирован: 119.54
   • ASML.US успешно актуализирован: 1460.06
   • BA.US успешно актуализирован: 215.01
   • BRK.B.US успешно актуализирован: 481.66
   • CCJ.US успешно актуализирован: 103.63
   • CEG.US успешно актуализирован: 261.15
   • CIFR.US успешно актуализирован: 18.77
   • COPX.US успешно актуализирован: 79.44
   • GLDM.US успешно актуализирован: 88.70
   • GOOGL.US успешно актуализирован: 387.45
   • IGV.US успешно актуализирован: 92.00
   • LLY.US успешно актуализирован: 1017.00
   • MELI.US успешно актуализирован: 1595.00
   • META.US успешно актуализирован: 602.33
   • MSFT.US успешно актуализирован: 416.22
   • NOW.US успешно актуализирован: 101.11
   • PG.US успешно актуализирован: 141.35
   • SOFI.US успешно актуализирован: 15.21
   • TSM.US успешно актуализирован: 392.89
   • UBER.US успешно актуализирован: 74.15
   • USAR.US успешно актуализирован: 20.06
   • VRTX.US успешно актуализирован: 430.20
   • WEAT.US успешно актуализирован: 25.10

⚡ [21:02:45] Прямой запуск обновления котировок акций...
💼 [Cron]: Обновляю 26 бумаг у брокера Freedom Broker (ID: 1)
📡 [REST FB]: Запрос котировок getStockQuotesJson для: ['AAPL.US', 'AMD.US', 'AMZN.US', 'APH.US', 'ASML.US', 'BA.US', 'BRK.B.US', 'CCJ.US', 'CEG.US', 'CIFR.US', 'COPX.US', 'GLDM.US', 'GOOGL.US', 'IGV.US', 'LLY.US', 'MELI.US', 'META.US', 'MSFT.US', 'NOW.US', 'PG.US', 'SOFI.US', 'TSM.US', 'UBER.US', 'USAR.US', 'VRTX.US', 'WEAT.US']
   • AAPL.US успешно актуализирован: 298.55
   • AMD.US успешно актуализирован: 414.43
   • AMZN.US успешно актуализирован: 258.89
   • APH.US успешно актуализирован: 119.70
   • ASML.US успешно актуализирован: 1458.20
   • BA.US успешно актуализирован: 214.91
   • BRK.B.US успешно актуализирован: 481.90
   • CCJ.US успешно актуализирован: 103.68
   • CEG.US успешно актуализирован: 261.01
   • CIFR.US успешно актуализирован: 18.81
   • COPX.US успешно актуализирован: 79.44
   • GLDM.US успешно актуализирован: 88.70
   • GOOGL.US успешно актуализирован: 387.60
   • IGV.US успешно актуализирован: 91.93
   • LLY.US успешно актуализирован: 1016.87
   • MELI.US успешно актуализирован: 1591.26
   • META.US успешно актуализирован: 602.40
   • MSFT.US успешно актуализирован: 416.85
   • NOW.US успешно актуализирован: 101.31
   • PG.US успешно актуализирован: 141.34
   • SOFI.US успешно актуализирован: 15.22
   • TSM.US успешно актуализирован: 393.19
   • UBER.US успешно актуализирован: 74.11
   • USAR.US успешно актуализирован: 20.06
   • VRTX.US успешно актуализирован: 430.20
   • WEAT.US успешно актуализирован: 25.10

⚡ [21:17:31] Прямой запуск обновления курсов валют...
📡 [Yahoo Forex]: Сбор валют из системного справочника public.currencies...
📊 [Yahoo Forex]: Запуск обновления для пар к USD: ['EUR', 'KZT', 'GBP', 'RUR']
   • Обновляю курс EUR -> USD... ✅ 1.160901
   • Обновляю курс KZT -> USD... ✅ 0.002125
   • Обновляю курс GBP -> USD... ✅ 1.339854
   • Обновляю курс RUR -> USD... ✅ 0.014072
🏁 [Yahoo Forex]: Синхронизация валютных курсов завершена.

⚡ [21:17:47] Прямой запуск обновления котировок акций...
💼 [Cron]: Обновляю 26 бумаг у брокера Freedom Broker (ID: 1)
📡 [REST FB]: Запрос котировок getStockQuotesJson для: ['CCJ.US', 'CEG.US', 'CIFR.US', 'COPX.US', 'GLDM.US', 'GOOGL.US', 'IGV.US', 'LLY.US', 'MELI.US', 'META.US', 'MSFT.US', 'NOW.US', 'PG.US', 'SOFI.US', 'TSM.US', 'UBER.US', 'USAR.US', 'VRTX.US', 'WEAT.US', 'AAPL.US', 'AMD.US', 'AMZN.US', 'APH.US', 'ASML.US', 'BA.US', 'BRK.B.US']
   • AAPL.US успешно актуализирован: 298.53
   • AMD.US успешно актуализирован: 414.50
   • AMZN.US успешно актуализирован: 258.87
   • APH.US успешно актуализирован: 119.70
   • ASML.US успешно актуализирован: 1458.32
   • BA.US успешно актуализирован: 214.91
   • BRK.B.US успешно актуализирован: 481.39
   • CCJ.US успешно актуализирован: 103.56
   • CEG.US успешно актуализирован: 261.01
   • CIFR.US успешно актуализирован: 18.81
   • COPX.US успешно актуализирован: 79.56
   • GLDM.US успешно актуализирован: 88.81
   • GOOGL.US успешно актуализирован: 387.63
   • IGV.US успешно актуализирован: 91.93
   • LLY.US успешно актуализирован: 1016.87
   • MELI.US успешно актуализирован: 1591.26
   • META.US успешно актуализирован: 602.15
   • MSFT.US успешно актуализирован: 416.75
   • NOW.US успешно актуализирован: 101.20
   • PG.US успешно актуализирован: 141.37
   • SOFI.US успешно актуализирован: 15.23
   • TSM.US успешно актуализирован: 393.21
   • UBER.US успешно актуализирован: 74.08
   • USAR.US успешно актуализирован: 20.03
   • VRTX.US успешно актуализирован: 430.20
   • WEAT.US успешно актуализирован: 25.10

⚡ [21:32:49] Прямой запуск обновления котировок акций...
💼 [Cron]: Обновляю 26 бумаг у брокера Freedom Broker (ID: 1)
📡 [REST FB]: Запрос котировок getStockQuotesJson для: ['AAPL.US', 'AMD.US', 'AMZN.US', 'APH.US', 'ASML.US', 'BA.US', 'BRK.B.US', 'CCJ.US', 'CEG.US', 'CIFR.US', 'COPX.US', 'GLDM.US', 'GOOGL.US', 'IGV.US', 'LLY.US', 'MELI.US', 'META.US', 'MSFT.US', 'NOW.US', 'PG.US', 'SOFI.US', 'TSM.US', 'UBER.US', 'USAR.US', 'VRTX.US', 'WEAT.US']
   • AAPL.US успешно актуализирован: 298.43
   • AMD.US успешно актуализирован: 415.00
   • AMZN.US успешно актуализирован: 258.65
   • APH.US успешно актуализирован: 119.55
   • ASML.US успешно актуализирован: 1459.72
   • BA.US успешно актуализирован: 214.84
   • BRK.B.US успешно актуализирован: 481.45
   • CCJ.US успешно актуализирован: 103.51
   • CEG.US успешно актуализирован: 261.01
   • CIFR.US успешно актуализирован: 18.83
   • COPX.US успешно актуализирован: 79.50
   • GLDM.US успешно актуализирован: 88.81
   • GOOGL.US успешно актуализирован: 387.36
   • IGV.US успешно актуализирован: 91.93
   • LLY.US успешно актуализирован: 1017.73
   • MELI.US успешно актуализирован: 1592.00
   • META.US успешно актуализирован: 602.20
   • MSFT.US успешно актуализирован: 416.71
   • NOW.US успешно актуализирован: 100.94
   • PG.US успешно актуализирован: 141.37
   • SOFI.US успешно актуализирован: 15.22
   • TSM.US успешно актуализирован: 393.54
   • UBER.US успешно актуализирован: 74.08
   • USAR.US успешно актуализирован: 20.03
   • VRTX.US успешно актуализирован: 435.50
   • WEAT.US успешно актуализирован: 25.10

⚡ [21:47:51] Прямой запуск обновления котировок акций...
💼 [Cron]: Обновляю 26 бумаг у брокера Freedom Broker (ID: 1)
📡 [REST FB]: Запрос котировок getStockQuotesJson для: ['AAPL.US', 'AMD.US', 'AMZN.US', 'APH.US', 'ASML.US', 'BA.US', 'BRK.B.US', 'CCJ.US', 'CEG.US', 'CIFR.US', 'COPX.US', 'GLDM.US', 'GOOGL.US', 'IGV.US', 'LLY.US', 'MELI.US', 'META.US', 'MSFT.US', 'NOW.US', 'PG.US', 'SOFI.US', 'TSM.US', 'UBER.US', 'USAR.US', 'VRTX.US', 'WEAT.US']
   • AAPL.US успешно актуализирован: 298.42
   • AMD.US успешно актуализирован: 416.07
   • AMZN.US успешно актуализирован: 258.84
   • APH.US успешно актуализирован: 119.26
   • ASML.US успешно актуализирован: 1459.22
   • BA.US успешно актуализирован: 214.86
   • BRK.B.US успешно актуализирован: 481.34
   • CCJ.US успешно актуализирован: 103.51
   • CEG.US успешно актуализирован: 261.25
   • CIFR.US успешно актуализирован: 18.83
   • COPX.US успешно актуализирован: 79.50
   • GLDM.US успешно актуализирован: 88.81
   • GOOGL.US успешно актуализирован: 387.28
   • IGV.US успешно актуализирован: 91.85
   • LLY.US успешно актуализирован: 1017.18
   • MELI.US успешно актуализирован: 1592.00
   • META.US успешно актуализирован: 602.31
   • MSFT.US успешно актуализирован: 416.76
   • NOW.US успешно актуализирован: 101.12
   • PG.US успешно актуализирован: 141.37
   • SOFI.US успешно актуализирован: 15.22
   • TSM.US успешно актуализирован: 393.48
   • UBER.US успешно актуализирован: 74.08
   • USAR.US успешно актуализирован: 20.04
   • VRTX.US успешно актуализирован: 435.50
   • WEAT.US успешно актуализирован: 25.10

⚡ [22:02:53] Прямой запуск обновления котировок акций...
💼 [Cron]: Обновляю 26 бумаг у брокера Freedom Broker (ID: 1)